{"stats_history": [{"tick": 1, "population": 218, "thoughts": 100, "avg_energy": 199.5743, "pos_flux": 624.2307, "neg_flux": 0.0, "scarcity": 0.999, "agent_entropy": 1.0505}, {"tick": 2, "population": 256, "thoughts": 218, "avg_energy": 194.9101, "pos_flux": 383.4631, "neg_flux": 54.7049, "scarcity": 0.998, "agent_entropy": 1.0988}, {"tick": 3, "population": 256, "thoughts": 256, "avg_energy": 178.8621, "pos_flux": 466.405, "neg_flux": 315.2025, "scarcity": 0.997, "agent_entropy": 1.1057}, {"tick": 4, "population": 256, "thoughts": 256, "avg_energy": 171.396, "pos_flux": 705.7337, "neg_flux": 411.6338, "scarcity": 0.996, "agent_entropy": 1.0995}, {"tick": 5, "population": 256, "thoughts": 256, "avg_energy": 167.1797, "pos_flux": 904.4372, "neg_flux": 507.2901, "scarcity": 0.995, "agent_entropy": 1.0936}, {"tick": 6, "population": 256, "thoughts": 256, "avg_energy": 163.346, "pos_flux": 954.0992, "neg_flux": 539.2756, "scarcity": 0.994, "agent_entropy": 1.0872}, {"tick": 7, "population": 256, "thoughts": 256, "avg_energy": 159.6988, "pos_flux": 947.6521, "neg_flux": 597.9329, "scarcity": 0.993, "agent_entropy": 1.0808}, {"tick": 8, "population": 256, "thoughts": 256, "avg_energy": 155.703, "pos_flux": 898.0094, "neg_flux": 663.8741, "scarcity": 0.992, "agent_entropy": 1.0757}, {"tick": 9, "population": 256, "thoughts": 256, "avg_energy": 150.6906, "pos_flux": 838.3313, "neg_flux": 709.1835, "scarcity": 0.991, "agent_entropy": 1.0708}, {"tick": 10, "population": 256, "thoughts": 256, "avg_energy": 146.2773, "pos_flux": 801.6252, "neg_flux": 723.3633, "scarcity": 0.99, "agent_entropy": 1.06}, {"tick": 11, "population": 256, "thoughts": 256, "avg_energy": 143.0546, "pos_flux": 787.5147, "neg_flux": 775.8011, "scarcity": 0.9891, "agent_entropy": 1.057}, {"tick": 12, "population": 256, "thoughts": 256, "avg_energy": 138.8823, "pos_flux": 764.0938, "neg_flux": 790.9419, "scarcity": 0.9881, "agent_entropy": 1.0544}, {"tick": 13, "population": 256, "thoughts": 256, "avg_energy": 134.3717, "pos_flux": 765.4805, "neg_flux": 806.3513, "scarcity": 0.9871, "agent_entropy": 7.8444}, {"tick": 14, "population": 256, "thoughts": 256, "avg_energy": 130.1817, "pos_flux": 766.964, "neg_flux": 826.7842, "scarcity": 0.9861, "agent_entropy": 1.0503}, {"tick": 15, "population": 256, "thoughts": 256, "avg_energy": 126.1315, "pos_flux": 770.7212, "neg_flux": 839.2677, "scarcity": 0.9851, "agent_entropy": 1.0487}, {"tick": 16, "population": 256, "thoughts": 256, "avg_energy": 121.2232, "pos_flux": 741.506, "neg_flux": 868.4957, "scarcity": 0.9841, "agent_entropy": 1.0471}, {"tick": 17, "population": 256, "thoughts": 256, "avg_energy": 116.0789, "pos_flux": 730.466, "neg_flux": 895.7817, "scarcity": 0.9831, "agent_entropy": 1.0457}, {"tick": 18, "population": 256, "thoughts": 256, "avg_energy": 111.699, "pos_flux": 725.5273, "neg_flux": 918.8705, "scarcity": 0.9822, "agent_entropy": 1.0445}, {"tick": 19, "population": 256, "thoughts": 256, "avg_energy": 106.3732, "pos_flux": 698.5046, "neg_flux": 935.8426, "scarcity": 0.9812, "agent_entropy": 1.0435}, {"tick": 20, "population": 256, "thoughts": 256, "avg_energy": 101.9386, "pos_flux": 677.6788, "neg_flux": 940.4614, "scarcity": 0.9802, "agent_entropy": 1.0402}, {"tick": 21, "population": 256, "thoughts": 256, "avg_energy": 97.4742, "pos_flux": 674.8498, "neg_flux": 943.8464, "scarcity": 0.9792, "agent_entropy": 1.0393}, {"tick": 22, "population": 256, "thoughts": 256, "avg_energy": 93.1703, "pos_flux": 681.8988, "neg_flux": 962.2573, "scarcity": 0.9782, "agent_entropy": 1.0386}, {"tick": 23, "population": 256, "thoughts": 256, "avg_energy": 88.5907, "pos_flux": 683.3319, "neg_flux": 976.5268, "scarcity": 0.9773, "agent_entropy": 1.0386}, {"tick": 24, "population": 256, "thoughts": 256, "avg_energy": 85.246, "pos_flux": 693.7382, "neg_flux": 981.1474, "scarcity": 0.9763, "agent_entropy": 1.0387}, {"tick": 25, "population": 256, "thoughts": 256, "avg_energy": 82.6462, "pos_flux": 688.4666, "neg_flux": 984.4599, "scarcity": 0.9753, "agent_entropy": 1.0389}, {"tick": 26, "population": 256, "thoughts": 256, "avg_energy": 79.5691, "pos_flux": 682.9293, "neg_flux": 980.4227, "scarcity": 0.9743, "agent_entropy": 1.0392}, {"tick": 27, "population": 256, "thoughts": 256, "avg_energy": 76.5275, "pos_flux": 685.8029, "neg_flux": 980.095, "scarcity": 0.9734, "agent_entropy": 1.0395}, {"tick": 28, "population": 256, "thoughts": 256, "avg_energy": 74.5724, "pos_flux": 704.2497, "neg_flux": 979.0761, "scarcity": 0.9724, "agent_entropy": 1.0397}, {"tick": 29, "population": 256, "thoughts": 256, "avg_energy": 72.1307, "pos_flux": 701.4859, "neg_flux": 980.9513, "scarcity": 0.9714, "agent_entropy": 1.0397}, {"tick": 30, "population": 256, "thoughts": 256, "avg_energy": 70.6815, "pos_flux": 732.4435, "neg_flux": 942.048, "scarcity": 0.9704, "agent_entropy": 1.0378}, {"tick": 31, "population": 256, "thoughts": 256, "avg_energy": 69.053, "pos_flux": 738.4235, "neg_flux": 950.2548, "scarcity": 0.9695, "agent_entropy": 1.0378}, {"tick": 32, "population": 256, "thoughts": 256, "avg_energy": 68.0564, "pos_flux": 740.6072, "neg_flux": 949.1943, "scarcity": 0.9685, "agent_entropy": 1.0379}, {"tick": 33, "population": 256, "thoughts": 256, "avg_energy": 66.695, "pos_flux": 747.0067, "neg_flux": 931.3428, "scarcity": 0.9675, "agent_entropy": 1.038}, {"tick": 34, "population": 256, "thoughts": 256, "avg_energy": 65.6773, "pos_flux": 760.2575, "neg_flux": 921.3467, "scarcity": 0.9666, "agent_entropy": 1.0382}, {"tick": 35, "population": 256, "thoughts": 256, "avg_energy": 64.1494, "pos_flux": 764.9553, "neg_flux": 913.8357, "scarcity": 0.9656, "agent_entropy": 1.0383}, {"tick": 36, "population": 256, "thoughts": 256, "avg_energy": 63.3017, "pos_flux": 784.2622, "neg_flux": 904.6195, "scarcity": 0.9646, "agent_entropy": 1.0384}, {"tick": 37, "population": 256, "thoughts": 256, "avg_energy": 63.0757, "pos_flux": 792.8155, "neg_flux": 892.4329, "scarcity": 0.9637, "agent_entropy": 1.0385}, {"tick": 38, "population": 256, "thoughts": 256, "avg_energy": 62.2821, "pos_flux": 806.6955, "neg_flux": 881.6267, "scarcity": 0.9627, "agent_entropy": 6.7392}, {"tick": 39, "population": 256, "thoughts": 256, "avg_energy": 62.3513, "pos_flux": 839.2735, "neg_flux": 870.5246, "scarcity": 0.9618, "agent_entropy": 1.0384}, {"tick": 40, "population": 256, "thoughts": 256, "avg_energy": 63.956, "pos_flux": 864.0398, "neg_flux": 828.2273, "scarcity": 0.9608, "agent_entropy": 1.0375}, {"tick": 41, "population": 256, "thoughts": 256, "avg_energy": 63.751, "pos_flux": 857.917, "neg_flux": 814.9684, "scarcity": 0.9598, "agent_entropy": 1.0376}, {"tick": 42, "population": 256, "thoughts": 256, "avg_energy": 63.9974, "pos_flux": 897.7889, "neg_flux": 824.9178, "scarcity": 0.9589, "agent_entropy": 1.0376}, {"tick": 43, "population": 256, "thoughts": 256, "avg_energy": 64.0553, "pos_flux": 877.6851, "neg_flux": 817.1481, "scarcity": 0.9579, "agent_entropy": 1.0377}, {"tick": 44, "population": 256, "thoughts": 256, "avg_energy": 64.681, "pos_flux": 905.4998, "neg_flux": 795.7392, "scarcity": 0.957, "agent_entropy": 1.0378}, {"tick": 45, "population": 256, "thoughts": 256, "avg_energy": 65.2221, "pos_flux": 944.3954, "neg_flux": 782.4953, "scarcity": 0.956, "agent_entropy": 1.0379}, {"tick": 46, "population": 256, "thoughts": 256, "avg_energy": 65.8056, "pos_flux": 963.1076, "neg_flux": 776.5124, "scarcity": 0.955, "agent_entropy": 1.0379}, {"tick": 47, "population": 256, "thoughts": 256, "avg_energy": 67.0187, "pos_flux": 942.6023, "neg_flux": 770.0308, "scarcity": 0.9541, "agent_entropy": 1.038}, {"tick": 48, "population": 256, "thoughts": 256, "avg_energy": 67.0371, "pos_flux": 936.3411, "neg_flux": 808.8979, "scarcity": 0.9531, "agent_entropy": 1.0381}, {"tick": 49, "population": 256, "thoughts": 256, "avg_energy": 67.0813, "pos_flux": 929.7832, "neg_flux": 808.4907, "scarcity": 0.9522, "agent_entropy": 1.0383}, {"tick": 50, "population": 256, "thoughts": 256, "avg_energy": 67.8361, "pos_flux": 978.1233, "neg_flux": 725.2569, "scarcity": 0.9512, "agent_entropy": 1.0369}, {"tick": 51, "population": 256, "thoughts": 256, "avg_energy": 67.2336, "pos_flux": 1023.3689, "neg_flux": 715.135, "scarcity": 0.9503, "agent_entropy": 1.0369}, {"tick": 52, "population": 256, "thoughts": 256, "avg_energy": 67.3825, "pos_flux": 1065.0453, "neg_flux": 686.0429, "scarcity": 0.9493, "agent_entropy": 1.0369}, {"tick": 53, "population": 256, "thoughts": 256, "avg_energy": 68.1586, "pos_flux": 1051.5049, "neg_flux": 687.8113, "scarcity": 0.9484, "agent_entropy": 1.0369}, {"tick": 54, "population": 255, "thoughts": 255, "avg_energy": 68.2141, "pos_flux": 1059.6096, "neg_flux": 690.227, "scarcity": 0.9474, "agent_entropy": 1.0369}, {"tick": 55, "population": 255, "thoughts": 254, "avg_energy": 69.0118, "pos_flux": 1066.7422, "neg_flux": 669.7664, "scarcity": 0.9465, "agent_entropy": 1.0369}, {"tick": 56, "population": 256, "thoughts": 255, "avg_energy": 68.8187, "pos_flux": 1081.6136, "neg_flux": 659.7344, "scarcity": 0.9455, "agent_entropy": 1.037}, {"tick": 57, "population": 255, "thoughts": 255, "avg_energy": 69.2887, "pos_flux": 1084.3486, "neg_flux": 649.8891, "scarcity": 0.9446, "agent_entropy": 1.0371}, {"tick": 58, "population": 255, "thoughts": 254, "avg_energy": 69.8601, "pos_flux": 1068.3126, "neg_flux": 673.0734, "scarcity": 0.9436, "agent_entropy": 1.0372}, {"tick": 59, "population": 256, "thoughts": 255, "avg_energy": 69.6858, "pos_flux": 1084.8088, "neg_flux": 666.4519, "scarcity": 0.9427, "agent_entropy": 1.0375}, {"tick": 60, "population": 254, "thoughts": 254, "avg_energy": 70.6912, "pos_flux": 1172.8179, "neg_flux": 628.0595, "scarcity": 0.9418, "agent_entropy": 1.0369}, {"tick": 61, "population": 256, "thoughts": 254, "avg_energy": 71.6106, "pos_flux": 1170.7414, "neg_flux": 615.1923, "scarcity": 0.9408, "agent_entropy": 1.037}, {"tick": 62, "population": 256, "thoughts": 256, "avg_energy": 72.2074, "pos_flux": 1231.9572, "neg_flux": 586.2915, "scarcity": 0.9399, "agent_entropy": 1.0383}, {"tick": 63, "population": 256, "thoughts": 256, "avg_energy": 72.775, "pos_flux": 1230.7231, "neg_flux": 557.9834, "scarcity": 0.9389, "agent_entropy": 6.8158}, {"tick": 64, "population": 256, "thoughts": 256, "avg_energy": 73.8134, "pos_flux": 1259.3659, "neg_flux": 543.0586, "scarcity": 0.938, "agent_entropy": 1.0385}, {"tick": 65, "population": 256, "thoughts": 256, "avg_energy": 75.7712, "pos_flux": 1273.76, "neg_flux": 542.1502, "scarcity": 0.9371, "agent_entropy": 1.0386}, {"tick": 66, "population": 255, "thoughts": 255, "avg_energy": 77.624, "pos_flux": 1239.2173, "neg_flux": 564.4129, "scarcity": 0.9361, "agent_entropy": 1.039}, {"tick": 67, "population": 256, "thoughts": 255, "avg_energy": 78.9654, "pos_flux": 1205.4316, "neg_flux": 594.9017, "scarcity": 0.9352, "agent_entropy": 1.0393}, {"tick": 68, "population": 256, "thoughts": 256, "avg_energy": 79.4214, "pos_flux": 1187.5004, "neg_flux": 597.7874, "scarcity": 0.9343, "agent_entropy": 1.0396}, {"tick": 69, "population": 255, "thoughts": 255, "avg_energy": 80.561, "pos_flux": 1187.0976, "neg_flux": 607.2246, "scarcity": 0.9333, "agent_entropy": 1.0397}, {"tick": 70, "population": 255, "thoughts": 254, "avg_energy": 82.3725, "pos_flux": 1232.9965, "neg_flux": 555.0826, "scarcity": 0.9324, "agent_entropy": 1.0391}, {"tick": 71, "population": 255, "thoughts": 254, "avg_energy": 84.7664, "pos_flux": 1261.184, "neg_flux": 551.511, "scarcity": 0.9315, "agent_entropy": 1.0396}, {"tick": 72, "population": 256, "thoughts": 255, "avg_energy": 86.0519, "pos_flux": 1275.7891, "neg_flux": 548.0785, "scarcity": 0.9305, "agent_entropy": 1.0397}, {"tick": 73, "population": 255, "thoughts": 255, "avg_energy": 87.4316, "pos_flux": 1247.0307, "neg_flux": 568.0004, "scarcity": 0.9296, "agent_entropy": 1.0403}, {"tick": 74, "population": 256, "thoughts": 255, "avg_energy": 88.7959, "pos_flux": 1274.9463, "neg_flux": 571.6582, "scarcity": 0.9287, "agent_entropy": 1.0407}, {"tick": 75, "population": 256, "thoughts": 256, "avg_energy": 89.5561, "pos_flux": 1283.6543, "neg_flux": 579.1667, "scarcity": 0.9277, "agent_entropy": 1.0417}, {"tick": 76, "population": 255, "thoughts": 255, "avg_energy": 90.2337, "pos_flux": 1269.6477, "neg_flux": 586.0839, "scarcity": 0.9268, "agent_entropy": 1.0419}, {"tick": 77, "population": 256, "thoughts": 255, "avg_energy": 92.0553, "pos_flux": 1315.8167, "neg_flux": 573.06, "scarcity": 0.9259, "agent_entropy": 1.0423}, {"tick": 78, "population": 255, "thoughts": 255, "avg_energy": 93.2836, "pos_flux": 1303.6005, "neg_flux": 588.939, "scarcity": 0.925, "agent_entropy": 1.0436}, {"tick": 79, "population": 255, "thoughts": 254, "avg_energy": 94.223, "pos_flux": 1303.2634, "neg_flux": 590.0738, "scarcity": 0.924, "agent_entropy": 1.0441}, {"tick": 80, "population": 256, "thoughts": 255, "avg_energy": 94.7454, "pos_flux": 1336.3916, "neg_flux": 571.1178, "scarcity": 0.9231, "agent_entropy": 1.0455}, {"tick": 81, "population": 256, "thoughts": 256, "avg_energy": 96.0212, "pos_flux": 1384.7346, "neg_flux": 566.4314, "scarcity": 0.9222, "agent_entropy": 1.0473}, {"tick": 82, "population": 256, "thoughts": 256, "avg_energy": 98.2064, "pos_flux": 1407.8583, "neg_flux": 561.3311, "scarcity": 0.9213, "agent_entropy": 1.0479}, {"tick": 83, "population": 256, "thoughts": 256, "avg_energy": 100.4071, "pos_flux": 1383.7378, "neg_flux": 555.5525, "scarcity": 0.9204, "agent_entropy": 1.0485}, {"tick": 84, "population": 256, "thoughts": 256, "avg_energy": 101.9052, "pos_flux": 1349.5534, "neg_flux": 552.1712, "scarcity": 0.9194, "agent_entropy": 1.0492}, {"tick": 85, "population": 256, "thoughts": 256, "avg_energy": 103.4892, "pos_flux": 1359.042, "neg_flux": 551.3231, "scarcity": 0.9185, "agent_entropy": 1.0498}, {"tick": 86, "population": 256, "thoughts": 256, "avg_energy": 104.5246, "pos_flux": 1333.508, "neg_flux": 568.2626, "scarcity": 0.9176, "agent_entropy": 1.0504}, {"tick": 87, "population": 256, "thoughts": 256, "avg_energy": 105.9544, "pos_flux": 1339.3135, "neg_flux": 577.5907, "scarcity": 0.9167, "agent_entropy": 1.051}, {"tick": 88, "population": 256, "thoughts": 256, "avg_energy": 106.6492, "pos_flux": 1315.5182, "neg_flux": 587.0023, "scarcity": 0.9158, "agent_entropy": 7.1994}, {"tick": 89, "population": 256, "thoughts": 256, "avg_energy": 107.64, "pos_flux": 1296.8597, "neg_flux": 590.6686, "scarcity": 0.9148, "agent_entropy": 1.0525}, {"tick": 90, "population": 256, "thoughts": 256, "avg_energy": 108.7764, "pos_flux": 1308.6473, "neg_flux": 547.4434, "scarcity": 0.9139, "agent_entropy": 1.0516}, {"tick": 91, "population": 256, "thoughts": 256, "avg_energy": 109.7398, "pos_flux": 1332.3967, "neg_flux": 554.4225, "scarcity": 0.913, "agent_entropy": 1.0524}, {"tick": 92, "population": 256, "thoughts": 256, "avg_energy": 111.324, "pos_flux": 1344.8489, "neg_flux": 556.2492, "scarcity": 0.9121, "agent_entropy": 1.0531}, {"tick": 93, "population": 256, "thoughts": 256, "avg_energy": 112.1214, "pos_flux": 1343.2624, "neg_flux": 540.1055, "scarcity": 0.9112, "agent_entropy": 1.0539}, {"tick": 94, "population": 256, "thoughts": 256, "avg_energy": 113.6562, "pos_flux": 1396.7756, "neg_flux": 501.6019, "scarcity": 0.9103, "agent_entropy": 1.0546}, {"tick": 95, "population": 256, "thoughts": 256, "avg_energy": 115.7221, "pos_flux": 1429.1092, "neg_flux": 486.4165, "scarcity": 0.9094, "agent_entropy": 1.0554}, {"tick": 96, "population": 256, "thoughts": 256, "avg_energy": 117.4274, "pos_flux": 1435.1512, "neg_flux": 491.4854, "scarcity": 0.9085, "agent_entropy": 1.0561}, {"tick": 97, "population": 256, "thoughts": 256, "avg_energy": 118.7968, "pos_flux": 1425.5605, "neg_flux": 484.2049, "scarcity": 0.9076, "agent_entropy": 1.0568}, {"tick": 98, "population": 256, "thoughts": 256, "avg_energy": 121.0057, "pos_flux": 1460.1961, "neg_flux": 471.2539, "scarcity": 0.9066, "agent_entropy": 1.0577}, {"tick": 99, "population": 256, "thoughts": 256, "avg_energy": 122.8563, "pos_flux": 1423.4668, "neg_flux": 491.6167, "scarcity": 0.9057, "agent_entropy": 1.0585}, {"tick": 100, "population": 256, "thoughts": 256, "avg_energy": 124.1228, "pos_flux": 1433.1383, "neg_flux": 485.0921, "scarcity": 0.9048, "agent_entropy": 1.0566}, {"tick": 101, "population": 256, "thoughts": 256, "avg_energy": 125.2969, "pos_flux": 1443.6805, "neg_flux": 486.9716, "scarcity": 0.9039, "agent_entropy": 1.0574}, {"tick": 102, "population": 256, "thoughts": 256, "avg_energy": 126.7014, "pos_flux": 1468.8131, "neg_flux": 464.2984, "scarcity": 0.903, "agent_entropy": 1.0581}, {"tick": 103, "population": 256, "thoughts": 256, "avg_energy": 128.287, "pos_flux": 1474.1205, "neg_flux": 469.3538, "scarcity": 0.9021, "agent_entropy": 1.0589}, {"tick": 104, "population": 256, "thoughts": 256, "avg_energy": 130.255, "pos_flux": 1481.8138, "neg_flux": 468.2894, "scarcity": 0.9012, "agent_entropy": 1.0595}, {"tick": 105, "population": 255, "thoughts": 255, "avg_energy": 131.7156, "pos_flux": 1471.0849, "neg_flux": 483.5523, "scarcity": 0.9003, "agent_entropy": 1.0602}, {"tick": 106, "population": 256, "thoughts": 255, "avg_energy": 132.8256, "pos_flux": 1449.0226, "neg_flux": 498.6601, "scarcity": 0.8994, "agent_entropy": 1.0607}, {"tick": 107, "population": 256, "thoughts": 256, "avg_energy": 133.6282, "pos_flux": 1446.2529, "neg_flux": 502.5825, "scarcity": 0.8985, "agent_entropy": 1.0627}, {"tick": 108, "population": 256, "thoughts": 256, "avg_energy": 134.8005, "pos_flux": 1446.441, "neg_flux": 501.7544, "scarcity": 0.8976, "agent_entropy": 1.0634}, {"tick": 110, "population": 256, "thoughts": 256, "avg_energy": 137.8758, "pos_flux": 1459.4905, "neg_flux": 488.1029, "scarcity": 0.8958, "agent_entropy": 1.0622}], "season": 2, "gene_pool_size": 40, "bonds_count": 916, "bonds": [["93fd16", "193396"], ["129707", "300516"], ["fbacc1", "24d925"], ["813773", "032f52"], ["197ddc", "515f36"], ["551f02", "c5bb0a"], ["acd451", "2e980b"], ["6cfe99", "2c706d"], ["697a4f", "7438dd"], ["85fbfe", "7d0ad7"], ["cf6e8e", "19e198"], ["7438dd", "19e198"], ["12146f", "18b5a5"], ["85fbfe", "2e980b"], ["3d9545", "55f107"], ["142bcf", "032f52"], ["ecfcb9", "a2c1a8"], ["2260fd", "6c9a40"], ["12bc12", "81dbb0"], ["214262", "2e5a54"], ["3ad81f", "2a0d7e"], ["122127", "cce663"], ["d593ab", "1b637a"], ["ef4e9c", "41b449"], ["b8d988", "9f6eef"], ["4560c2", "85fbfe"], ["cce663", "c56dcf"], ["d167f4", "183077"], ["176499", "438c8c"], ["fad763", "193396"], ["032f52", "6e53c9"], ["560281", "4c81ba"], ["1a0ef4", "117bc2"], ["536229", "921b96"], ["fc8d78", "4de9e6"], ["b52cea", "b3473d"], ["c7955f", "acd451"], ["c169f4", "cce663"], ["7b6ebf", "15cd8b"], ["dea099", "1b637a"], ["be6a4e", "08b429"], ["e9f5a4", "b796f7"], ["b8d988", "f7836f"], ["8feb0f", "515f36"], ["2260fd", "3024a7"], ["be6a4e", "e851e5"], ["2cdacf", "b0df6e"], ["7b6ebf", "1a0ef4"], ["bb4695", "4b6641"], ["d31d93", "bb4695"], ["921b96", "8c9db9"], ["536229", "300516"], ["399919", "d6b5c0"], ["4560c2", "81dbb0"], ["1a0ef4", "1588d1"], ["d54343", "0dc7a2"], ["1a0ef4", "5b7975"], ["032f52", "e851e5"], ["39e01a", "4c81ba"], ["25ceb1", "8e5f0b"], ["be6a4e", "b0df6e"], ["193396", "85fbfe"], ["c7955f", "81dbb0"], ["122127", "b0df6e"], ["b05121", "cb1a96"], ["dea099", "8c9db9"], ["cf6e8e", "4afa03"], ["071d16", "3beb50"], ["cf6e8e", "e851e5"], ["ee3973", "3adaec"], ["032f52", "d222fc"], ["5fdb9e", "15cd8b"], ["c169f4", "faa75b"], ["173b7c", "e9e49f"], ["d6b5c0", "4c81ba"], ["3ad81f", "7d0ad7"], ["8e94af", "bc2d43"], ["7438dd", "d8204f"], ["cf6e8e", "e555e3"], ["92402a", "cf6e8e"], ["7409a0", "15cd8b"], ["e04080", "6e835f"], ["1a744e", "3e3f7b"], ["81dbb0", "193396"], ["c5bb0a", "a75a34"], ["5cc582", "d222fc"], ["d54343", "55f107"], ["3d9545", "d593ab"], ["e2aa75", "fc8d78"], ["cce663", "f140de"], ["d167f4", "d4abe4"], ["032f52", "0abcc2"], ["c1b92e", "5cc582"], ["3ea7e7", "c56dcf"], ["3ea7e7", "09f681"], ["2c706d", "a94aa0"], ["60d15d", "1b637a"], ["772076", "0dc7a2"], ["d6f861", "515f36"], ["afd6c5", "a94aa0"], ["1e2352", "ea77cf"], ["a9bee7", "8c9db9"], ["1e2352", "dea099"], ["c169f4", "736d75"], ["a0a1de", "8c9db9"], ["e2aa75", "2c706d"], ["f21f39", "d54343"], ["d54343", "60d15d"], ["6434f6", "2cdacf"], ["d6b5c0", "1b637a"], ["3d9545", "1be8a9"], ["df1798", "d31d93"], ["74febf", "4c81ba"], ["6e4b16", "d6f861"], ["92402a", "3be0f4"], ["b8d988", "b7a165"], ["391135", "d6f861"], ["a9bee7", "129707"], ["920731", "852deb"], ["a9bee7", "6e835f"], ["6cfe99", "4de9e6"], ["a9bee7", "5b7975"], ["cf6e8e", "b4c166"], ["3552f0", "f7836f"], ["4b6641", "a943f6"], ["214262", "ea77cf"], ["019e53", "3beb50"], ["27c678", "e56ca7"], ["b8d988", "b3473d"], ["e9e49f", "5a0826"], ["918cec", "7d0ad7"], ["b8d988", "b52cea"], ["992958", "2b7197"], ["e04080", "e2b827"], ["cf6e8e", "8fa89f"], ["d167f4", "c0b256"], ["15cd8b", "3e9959"], ["18b5a5", "300516"], ["d31d93", "ce0085"], ["0e677f", "25ceb1"], ["3d9545", "7d0ad7"], ["d593ab", "1a8524"], ["032f52", "7d0ad7"], ["536229", "bbbd21"], ["c1b92e", "8ab48e"], ["2260fd", "19e198"], ["7cb07f", "3024a7"], ["2cdacf", "56153e"], ["08b429", "c56dcf"], ["f7836f", "c0b256"], ["ee3973", "951cb1"], ["989a74", "117bc2"], ["cff521", "951cb1"], ["d31d93", "1a8524"], ["cce663", "129707"], ["536229", "3024a7"], ["b264c9", "56153e"], ["08b429", "bc4c6d"], ["faa75b", "510230"], ["f1c315", "15cd8b"], ["7b6ebf", "f1c315"], ["7409a0", "a2c1a8"], ["ee3973", "e56ca7"], ["d8204f", "39e01a"], ["772076", "7d0ad7"], ["300516", "fb664c"], ["8e94af", "cf6e8e"], ["15cd8b", "117bc2"], ["2e980b", "7d0ad7"], ["0e677f", "d8204f"], ["1a0ef4", "8a6b11"], ["197ddc", "d6f861"], ["fcb2e4", "4c81ba"], ["d54343", "19e198"], ["fc8d78", "a94aa0"], ["6e53c9", "8e5f0b"], ["b8d988", "c0c32a"], ["6e835f", "85fbfe"], ["ad158f", "b4c166"], ["cf6e8e", "2e980b"], ["189be5", "f140de"], ["772076", "2260fd"], ["12bc12", "193396"], ["098001", "8c9db9"], ["197ddc", "852deb"], ["531258", "ce0085"], ["2a0d7e", "0dc7a2"], ["032f52", "c44a36"], ["d31d93", "7d0ad7"], ["3833a4", "277383"], ["c7955f", "f7aa5d"], ["468755", "cf6e8e"], ["15cd8b", "8a6b11"], ["098001", "129707"], ["d54343", "09f681"], ["193396", "4afa03"], ["cf6e8e", "0abcc2"], ["142bcf", "09f681"], ["f140de", "85fbfe"], ["1a0ef4", "4560c2"], ["a5f0db", "590eed"], ["6e53c9", "b4c166"], ["1a0ef4", "829950"], ["7438dd", "39e01a"], ["31baa2", "0abcc2"], ["8e7fd9", "6e53c9"], ["6e53c9", "8c9db9"], ["4c4e44", "ea77cf"], ["6e4b16", "391135"], ["1e2352", "951cb1"], ["8e7fd9", "8e5f0b"], ["536229", "a260ec"], ["d167f4", "193396"], ["e2aa75", "c5bb0a"], ["697a4f", "0bf11e"], ["468755", "d63007"], ["2e5a54", "951cb1"], ["7fe137", "cf6e8e"], ["531a80", "515f36"], ["0dc7a2", "8ab48e"], ["e56ca7", "5631ca"], ["a6da48", "197ddc"], ["531258", "fe2bda"], ["93fd16", "5dcd26"], ["7438dd", "6c9a40"], ["d63007", "cf6e8e"], ["6e4b16", "197ddc"], ["15cd8b", "686c10"], ["cf6e8e", "560281"], ["391135", "8feb0f"], ["3d9545", "f140de"], ["c7955f", "79a3b6"], ["ef4e9c", "b7a165"], ["a0a1de", "129707"], ["cf6e8e", "106e32"], ["951cb1", "31baa2"], ["7438dd", "032f52"], ["cf6e8e", "e7cabe"], ["ad158f", "19e198"], ["3552f0", "79a3b6"], ["cff521", "176499"], ["399919", "55f107"], ["154ca1", "032f52"], ["55f107", "4c81ba"], ["86ca16", "4de9e6"], ["697a4f", "19e198"], ["e56ca7", "686c10"], ["918cec", "2e980b"], ["0bf11e", "736d75"], ["b264c9", "b52cea"], ["79a3b6", "f7836f"], ["c7955f", "4560c2"], ["7cb07f", "e56ca7"], ["f7aa5d", "193396"], ["ecfcb9", "d222fc"], ["5631ca", "19e198"], ["4c4e44", "951cb1"], ["c0b28b", "cf6e8e"], ["5fdb9e", "cb1a96"], ["acd451", "81dbb0"], ["b448b4", "a260ec"], ["cf6e8e", "c44a36"], ["ef4e9c", "b8d988"], ["a2c1a8", "5631ca"], ["992958", "cce663"], ["93fd16", "d54343"], ["129707", "510230"], ["ee3973", "7409a0"], ["31baa2", "dea099"], ["cf6e8e", "ad158f"], ["1a0ef4", "a9bee7"], ["93fd16", "9f6eef"], ["813773", "cf6e8e"], ["531258", "d31d93"], ["e9e49f", "6e835f"], ["536229", "dea099"], ["8ab48e", "faa75b"], ["0ca6e4", "438c8c"], ["1a0ef4", "e9e49f"], ["f7aa5d", "918cec"], ["fc8d78", "86ca16"], ["2cdacf", "bc4c6d"], ["b52cea", "79a3b6"], ["23ba8e", "cf6e8e"], ["79a3b6", "b3473d"], ["4560c2", "032f52"], ["183077", "d4abe4"], ["c7955f", "c56dcf"], ["c5bb0a", "a94aa0"], ["d63007", "ad158f"], ["60d15d", "2e5a54"], ["d54343", "0bf11e"], ["c7955f", "cce663"], ["cf6e8e", "6e53c9"], ["7438dd", "6e53c9"], ["8a6b11", "366b08"], ["536229", "e555e3"], ["d167f4", "c0c32a"], ["951cb1", "ea77cf"], ["277383", "b2ffe1"], ["60d15d", "dea099"], ["b05121", "951cb1"], ["d167f4", "12bc12"], ["d593ab", "221e61"], ["4c4e44", "2e5a54"], ["a9bee7", "117bc2"], ["d222fc", "951cb1"], ["059638", "c56dcf"], ["6102ef", "faa75b"], ["cf6e8e", "94dec9"], ["d8204f", "e56ca7"], ["ee3973", "39e01a"], ["772076", "3d9545"], ["27c678", "7409a0"], ["399919", "951cb1"], ["e851e5", "bc4c6d"], ["d593ab", "55f107"], ["cf6e8e", "f7aa5d"], ["951cb1", "a943f6"], ["d6b5c0", "55f107"], ["0e677f", "ee3973"], ["098001", "18b5a5"], ["d63007", "6e53c9"], ["536229", "2e5a54"], ["86ca16", "2c706d"], ["468755", "19e198"], ["f7aa5d", "2e980b"], ["992958", "0bf11e"], ["2a0d7e", "55f107"], ["cce663", "85fbfe"], ["d63007", "697a4f"], ["d63007", "142bcf"], ["13a47b", "8814f3"], ["142bcf", "d54343"], ["92402a", "31baa2"], ["5b7975", "1588d1"], ["7fe137", "dea099"], ["7438dd", "7409a0"], ["531258", "df1798"], ["c169f4", "c1b92e"], ["5dcd26", "e2b827"], ["cf6e8e", "f140de"], ["94dec9", "6e53c9"], ["0dc7a2", "1be8a9"], ["c56dcf", "2b7197"], ["189be5", "cce663"], ["1a0ef4", "6e835f"], ["cce663", "8ab48e"], ["122127", "c56dcf"], ["cce663", "55f107"], ["f7aa5d", "032f52"], ["951cb1", "19e198"], ["cce663", "2b7197"], ["4c4e44", "b2ffe1"], ["d54343", "032f52"], ["5b7975", "2260fd"], ["7fe137", "e555e3"], ["3d9545", "8ab48e"], ["8ab48e", "e555e3"], ["31baa2", "d113e2"], ["1be8a9", "7d0ad7"], ["f7aa5d", "81dbb0"], ["697a4f", "6c9a40"], ["12bc12", "c7955f"], ["ef4e9c", "56153e"], ["531a80", "d6f861"], ["12bc12", "85fbfe"], ["2232fe", "a94aa0"], ["772076", "55f107"], ["9f6eef", "e2b827"], ["d54343", "1be8a9"], ["3552f0", "4560c2"], ["a9bee7", "dea099"], ["cf6e8e", "4560c2"], ["697a4f", "0ee411"], ["921b96", "098001"], ["4afa03", "2e980b"], ["4560c2", "f140de"], ["468755", "e851e5"], ["2260fd", "366b08"], ["6e53c9", "951cb1"], ["a0a1de", "510230"], ["2cdacf", "08b429"], ["4560c2", "2e980b"], ["813773", "e7cabe"], ["27c678", "d8204f"], ["d222fc", "5631ca"], ["c56dcf", "6e835f"], ["d4abe4", "5a0826"], ["86ca16", "3e9959"], ["536229", "b448b4"], ["12146f", "fb664c"], ["24d925", "55f107"], ["f140de", "7d0ad7"], ["d593ab", "4c81ba"], ["12bc12", "2e980b"], ["214262", "60d15d"], ["d167f4", "829950"], ["fe2bda", "4c81ba"], ["fad763", "e7cabe"], ["277383", "951cb1"], ["d63007", "2260fd"], ["acd451", "f7aa5d"], ["12bc12", "fad763"], ["1e2352", "277383"], ["27c678", "c61e72"], ["3d9545", "dea099"], ["468755", "7438dd"], ["5cc582", "e555e3"], ["ecfcb9", "ee3973"], ["6e53c9", "18b5a5"], ["2b7197", "0bf11e"], ["d6b5c0", "951cb1"], ["c5bb0a", "438c8c"], ["d63007", "d54343"], ["c1b92e", "6102ef"], ["3552f0", "b8d988"], ["fad763", "c44a36"], ["0ee411", "e56ca7"], ["0ca6e4", "176499"], ["214262", "277383"], ["d167f4", "6e835f"], ["93fd16", "7b6ebf"], ["e9cca1", "b448b4"], ["951cb1", "cb1a96"], ["b8d988", "5a0826"], ["5fdb9e", "4c81ba"], ["1a0ef4", "15cd8b"], ["1fd6a9", "173b7c"], ["fb664c", "8c9db9"], ["c1b92e", "510230"], ["c5bb0a", "5c93b8"], ["cf6e8e", "918cec"], ["6e53c9", "d113e2"], ["3552f0", "b7a165"], ["fc8d78", "2c706d"], ["3d9545", "2a0d7e"], ["4560c2", "9f6eef"], ["142bcf", "951cb1"], ["0e677f", "e56ca7"], ["2cdacf", "109805"], ["bb4695", "ce0085"], ["a6da48", "531a80"], ["536229", "18b5a5"], ["536229", "7318d5"], ["3d9545", "bb4695"], ["e9e49f", "193396"], ["23ba8e", "d113e2"], ["6e4b16", "531a80"], ["12146f", "154ca1"], ["b796f7", "d4abe4"], ["300516", "dea099"], ["b52cea", "c0b256"], ["6434f6", "b0df6e"], ["6e53c9", "129707"], ["5cc582", "31baa2"], ["317cca", "bc2d43"], ["f1cfef", "e7cabe"], ["e9f5a4", "86ca16"], ["c1b92e", "18b5a5"], ["25ceb1", "a2c1a8"], ["2b7197", "736d75"], ["d54343", "6c9a40"], ["c5bb0a", "5b7975"], ["6102ef", "6e53c9"], ["189be5", "7d0ad7"], ["c1b92e", "e555e3"], ["1a8524", "1b637a"], ["d63007", "19e198"], ["a2c1a8", "e56ca7"], ["cff521", "c5bb0a"], ["d8204f", "6e53c9"], ["531a80", "197ddc"], ["951cb1", "ce0085"], ["122127", "08b429"], ["9f6eef", "5dcd26"], ["e04080", "5dcd26"], ["d54343", "0ee411"], ["921b96", "a0a1de"], ["81dbb0", "4afa03"], ["9f6eef", "b3473d"], ["dea099", "3024a7"], ["214262", "b2ffe1"], ["1b637a", "ce0085"], ["afd6c5", "c5bb0a"], ["560281", "e555e3"], ["029667", "951cb1"], ["032f52", "19e198"], ["1fd6a9", "dc1a7d"], ["81dbb0", "85fbfe"], ["7438dd", "ad158f"], ["15cd8b", "b05121"], ["12146f", "300516"], ["d222fc", "31baa2"], ["e555e3", "d113e2"], ["acd451", "a4daa9"], ["f1cfef", "032f52"], ["468755", "951cb1"], ["536229", "c1b92e"], ["6e4b16", "515f36"], ["fe2bda", "d31d93"], ["b4c166", "951cb1"], ["23ba8e", "e56ca7"], ["4afa03", "7d0ad7"], ["c7955f", "2cdacf"], ["b264c9", "79a3b6"], ["560281", "d113e2"], ["b52cea", "f7836f"], ["536229", "7fe137"], ["1a0ef4", "366b08"], ["b264c9", "b8d988"], ["8feb0f", "951cb1"], ["fad763", "f7aa5d"], ["399919", "4c81ba"], ["12bc12", "acd451"], ["d54343", "2b7197"], ["536229", "55f107"], ["8e94af", "2260fd"], ["cce663", "fb664c"], ["e04080", "9f6eef"], ["bc2d43", "0bf11e"], ["81dbb0", "2e980b"], ["e2aa75", "6cfe99"], ["829950", "8a6b11"], ["ef4e9c", "c0b256"], ["0e677f", "39e01a"], ["faa75b", "129707"], ["3833a4", "60d15d"], ["b264c9", "4560c2"], ["fad763", "81dbb0"], ["a0a1de", "fb664c"], ["4c4e44", "60d15d"], ["7318d5", "dea099"], ["c7955f", "4afa03"], ["be6a4e", "2cdacf"], ["c1b92e", "d113e2"], ["5dcd26", "b3473d"], ["4560c2", "4afa03"], ["f140de", "2e980b"], ["3ad81f", "1be8a9"], ["92402a", "1fd6a9"], ["109805", "bc4c6d"], ["1a0ef4", "f1c315"], ["560281", "c1b92e"], ["536229", "60d15d"], ["b2ffe1", "ea77cf"], ["27c678", "7438dd"], ["d167f4", "b796f7"], ["85fbfe", "4afa03"], ["d63007", "5631ca"], ["536229", "9cdec3"], ["d54343", "b4c166"], ["27c678", "0e677f"], ["560281", "39e01a"], ["1e2352", "214262"], ["b0df6e", "d54343"], ["921b96", "300516"], ["cff521", "5c93b8"], ["15cd8b", "951cb1"], ["d8204f", "7409a0"], ["154ca1", "c1b92e"], ["cf6e8e", "85fbfe"], ["992958", "736d75"], ["d54343", "ad158f"], ["142bcf", "ad158f"], ["193396", "2e980b"], ["c5bb0a", "86ca16"], ["3ea7e7", "6434f6"], ["3adaec", "951cb1"], ["13a47b", "772076"], ["6e53c9", "5631ca"], ["7409a0", "39e01a"], ["5b7975", "a75a34"], ["b05121", "a94aa0"], ["c5bb0a", "6cfe99"], ["697a4f", "e56ca7"], ["dea099", "4c81ba"], ["0e677f", "7409a0"], ["12146f", "a0a1de"], ["bb4695", "1b637a"], ["7318d5", "3024a7"], ["cce663", "6e53c9"], ["d63007", "b4c166"], ["cf6e8e", "0bf11e"], ["c5bb0a", "2c706d"], ["cf6e8e", "bc2d43"], ["b52cea", "b7a165"], ["2e5a54", "4c81ba"], ["8ab48e", "6e53c9"], ["6e53c9", "4c81ba"], ["921b96", "fb664c"], ["c169f4", "8ab48e"], ["197ddc", "8feb0f"], ["a6da48", "d6f861"], ["ee3973", "7438dd"], ["c169f4", "2b7197"], ["23ba8e", "d222fc"], ["536229", "fb664c"], ["b7a165", "f7836f"], ["551f02", "438c8c"], ["499cc8", "4c81ba"], ["098001", "bbbd21"], ["c7955f", "193396"], ["ad158f", "951cb1"], ["183077", "5a0826"], ["4560c2", "7d0ad7"], ["4de9e6", "2c706d"], ["366b08", "1588d1"], ["ad158f", "5631ca"], ["197ddc", "391135"], ["829950", "15cd8b"], ["7438dd", "b4c166"], ["560281", "5cc582"], ["3d9545", "0dc7a2"], ["951cb1", "515f36"], ["d54343", "059638"], ["214262", "dea099"], ["e2aa75", "4de9e6"], ["a5f0db", "071d16"], ["df1798", "1b637a"], ["fad763", "a4daa9"], ["992958", "d54343"], ["a9bee7", "7d0ad7"], ["0ca6e4", "cff521"], ["3ad81f", "3d9545"], ["15cd8b", "e555e3"], ["d54343", "697a4f"], ["098001", "a0a1de"], ["fe2bda", "ce0085"], ["6434f6", "d54343"], ["8814f3", "d54343"], ["55f107", "1b637a"], ["468755", "ad158f"], ["7fe137", "5cc582"], ["6cfe99", "a94aa0"], ["12146f", "dea099"], ["221e61", "7d0ad7"], ["cce663", "8c9db9"], ["be6a4e", "109805"], ["6cfe99", "fc8d78"], ["8a6b11", "117bc2"], ["cce663", "81dbb0"], ["ee3973", "d8204f"], ["ee3973", "31baa2"], ["a9bee7", "cce663"], ["c5bb0a", "e25d50"], ["c0b256", "c0c32a"], ["697a4f", "951cb1"], ["399919", "d593ab"], ["d63007", "951cb1"], ["183077", "c0c32a"], ["920731", "686c10"], ["531258", "951cb1"], ["531a80", "951cb1"], ["f21f39", "7d0ad7"], ["2232fe", "15cd8b"], ["df1798", "951cb1"], ["cce663", "059638"], ["071d16", "19adee"], ["93fd16", "e9e49f"], ["df1798", "bb4695"], ["300516", "510230"], ["4560c2", "79a3b6"], ["536229", "029667"], ["b7a165", "c0b256"], ["d54343", "736d75"], ["0ca6e4", "c5bb0a"], ["afd6c5", "551f02"], ["0e677f", "5631ca"], ["3552f0", "b52cea"], ["122127", "059638"], ["c5bb0a", "fc8d78"], ["a0a1de", "dea099"], ["ecfcb9", "5631ca"], ["6e53c9", "c61e72"], ["531258", "7d0ad7"], ["059638", "109805"], ["ecfcb9", "7409a0"], ["3d9545", "85fbfe"], ["e56ca7", "4c81ba"], ["536229", "1fd6a9"], ["3552f0", "b264c9"], ["12146f", "098001"], ["1fd6a9", "5b7975"], ["2232fe", "2c706d"], ["19adee", "3beb50"], ["992958", "c56dcf"], ["cf6e8e", "f1cfef"], ["ecfcb9", "25ceb1"], ["551f02", "176499"], ["098001", "510230"], ["24d925", "4c81ba"], ["c7955f", "2e980b"], ["e7cabe", "a4daa9"], ["1e2352", "4c4e44"], ["142bcf", "2260fd"], ["cf6e8e", "5cc582"], ["8feb0f", "d6f861"], ["c7955f", "918cec"], ["3d9545", "4afa03"], ["41b449", "c0b256"], ["74febf", "d54343"], ["468755", "5631ca"], ["23ba8e", "4c81ba"], ["5b7975", "366b08"], ["6102ef", "8ab48e"], ["94dec9", "560281"], ["029667", "7d0ad7"], ["277383", "ea77cf"], ["032f52", "5631ca"], ["2a0d7e", "1be8a9"], ["f7836f", "b3473d"], ["300516", "8c9db9"], ["032f52", "951cb1"], ["a6da48", "6e4b16"], ["c0b28b", "109805"], ["a6da48", "8feb0f"], ["7438dd", "951cb1"], ["4b6641", "1b637a"], ["fad763", "2e980b"], ["3d9545", "c56dcf"], ["e2aa75", "a94aa0"], ["d54343", "1b637a"], ["3ad81f", "0dc7a2"], ["cce663", "a0a1de"], ["df1798", "3d9545"], ["25ceb1", "5631ca"], ["fad763", "acd451"], ["12bc12", "f7aa5d"], ["b8d988", "c0b256"], ["1b637a", "951cb1"], ["2cdacf", "122127"], ["8e7fd9", "d54343"], ["531258", "3d9545"], ["989a74", "15cd8b"], ["951cb1", "4c81ba"], ["189be5", "acd451"], ["032f52", "ad158f"], ["1a0ef4", "56153e"], ["2260fd", "736d75"], ["0e677f", "a2c1a8"], ["214262", "951cb1"], ["acd451", "193396"], ["4560c2", "56153e"], ["93fd16", "f1c315"], ["032f52", "5cc582"], ["cf6e8e", "109805"], ["c1b92e", "faa75b"], ["6e53c9", "ad158f"], ["fad763", "85fbfe"], ["df1798", "ce0085"], ["3d9545", "918cec"], ["a6da48", "686c10"], ["989a74", "8a6b11"], ["d167f4", "41b449"], ["bb4695", "7d0ad7"], ["197ddc", "686c10"], ["536229", "098001"], ["6cfe99", "86ca16"], ["468755", "697a4f"], ["acd451", "85fbfe"], ["d8204f", "c61e72"], ["468755", "0bf11e"], ["b264c9", "f7836f"], ["b8d988", "79a3b6"], ["fe2bda", "d593ab"], ["4de9e6", "5b7975"], ["d167f4", "ef4e9c"], ["4560c2", "b3473d"], ["a6da48", "515f36"], ["4560c2", "acd451"], ["25ceb1", "e56ca7"], ["1e2352", "60d15d"], ["029667", "4b6641"], ["acd451", "4afa03"], ["ef4e9c", "f7836f"], ["a9bee7", "510230"], ["3d9545", "1a8524"], ["0dc7a2", "1b637a"], ["3ad81f", "d54343"], ["b796f7", "183077"], ["d63007", "032f52"], ["cf6e8e", "d113e2"], ["3adaec", "4c81ba"], ["d4abe4", "c0c32a"], ["93fd16", "6e835f"], ["c0b28b", "032f52"], ["8e94af", "142bcf"], ["6e53c9", "faa75b"], ["a0a1de", "300516"], ["032f52", "918cec"], ["12bc12", "4afa03"], ["1a8524", "951cb1"], ["93fd16", "e04080"], ["92402a", "d54343"], ["31baa2", "4c81ba"], ["536229", "8c9db9"], ["18b5a5", "dea099"], ["13a47b", "7d0ad7"], ["d593ab", "fb8122"], ["3ea7e7", "fbacc1"], ["c44a36", "a4daa9"], ["d593ab", "951cb1"], ["499cc8", "951cb1"], ["cf6e8e", "7438dd"], ["13a47b", "d54343"], ["7438dd", "5631ca"], ["e56ca7", "d113e2"], ["8a6b11", "dc1a7d"], ["921b96", "dea099"], ["7409a0", "5631ca"], ["6e53c9", "39e01a"], ["122127", "109805"], ["142bcf", "5631ca"], ["ef4e9c", "c0c32a"], ["d54343", "366b08"], ["468755", "032f52"], ["4c81ba", "cb1a96"], ["2260fd", "686c10"], ["e2b827", "b3473d"], ["989a74", "1a0ef4"], ["e9e49f", "e04080"], ["142bcf", "cf6e8e"], ["56153e", "79a3b6"], ["d63007", "7438dd"], ["ad158f", "2260fd"], ["d3851b", "d593ab"], ["d593ab", "d26351"], ["ce0085", "7d0ad7"], ["1fd6a9", "cf6e8e"], ["b7a165", "79a3b6"], ["032f52", "bc2d43"], ["6e53c9", "6c9a40"], ["fcb2e4", "d6b5c0"], ["531a80", "391135"], ["b0df6e", "bc4c6d"], ["be6a4e", "bc4c6d"], ["214262", "4c4e44"], ["8814f3", "7d0ad7"], ["059f41", "277383"], ["6434f6", "09f681"], ["08b429", "cce663"], ["536229", "1b637a"], ["032f52", "f140de"], ["071d16", "176499"], ["c5bb0a", "4de9e6"], ["b2ffe1", "951cb1"], ["6e53c9", "300516"], ["7fe137", "560281"], ["3ea7e7", "fcb2e4"], ["531258", "bb4695"], ["c5bb0a", "1588d1"], ["31baa2", "cb1a96"], ["d54343", "a943f6"], ["536229", "5cc582"], ["1e2352", "b2ffe1"], ["c1b92e", "c56dcf"], ["27c678", "25ceb1"], ["df1798", "7d0ad7"], ["1be8a9", "55f107"], ["cce663", "510230"], ["ef0c98", "e9f5a4"], ["4c4e44", "dea099"], ["cff521", "438c8c"], ["23ba8e", "31baa2"], ["d6b5c0", "d593ab"], ["032f52", "85fbfe"], ["13a47b", "dea099"], ["c7955f", "fad763"], ["3552f0", "9f6eef"], ["0ca6e4", "551f02"], ["df1798", "fe2bda"], ["551f02", "a94aa0"], ["c5bb0a", "366b08"], ["8e94af", "09f681"], ["189be5", "c7955f"], ["b264c9", "b7a165"], ["3ad81f", "55f107"], ["ef4e9c", "b52cea"], ["560281", "6e53c9"], ["7cb07f", "1a0ef4"], ["c56dcf", "9f6eef"], ["fe2bda", "bb4695"], ["cf6e8e", "d6f861"], ["3d9545", "1b637a"], ["3d9545", "2e980b"], ["27c678", "6e53c9"], ["0dc7a2", "221e61"], ["a5f0db", "74febf"], ["cf6e8e", "7d0ad7"], ["b796f7", "5b7975"], ["e2aa75", "86ca16"], ["a6da48", "391135"], ["94dec9", "e555e3"], ["e851e5", "0bf11e"], ["992958", "a9bee7"], ["1a0ef4", "dc1a7d"], ["154ca1", "6e53c9"], ["3adaec", "31baa2"], ["277383", "4c4e44"], ["8fa89f", "e555e3"], ["4de9e6", "a94aa0"], ["c7955f", "85fbfe"], ["f7aa5d", "4afa03"], ["193396", "918cec"], ["391135", "515f36"], ["813773", "f1cfef"], ["3552f0", "b3473d"], ["c1b92e", "6e53c9"], ["106e32", "e555e3"], ["5a0826", "c0c32a"], ["d6b5c0", "499cc8"], ["032f52", "b4c166"], ["536229", "560281"], ["5cc582", "dea099"], ["1a0ef4", "059638"]], "structures": [{"x": 23, "y": 26, "type": "battery", "hp": 89.2}, {"x": 25, "y": 19, "type": "battery", "hp": 89.2}, {"x": 32, "y": 18, "type": "battery", "hp": 89.2}, {"x": 2, "y": 37, "type": "battery", "hp": 89.2}, {"x": 26, "y": 5, "type": "battery", "hp": 89.2}, {"x": 15, "y": 15, "type": "battery", "hp": 89.2}, {"x": 29, "y": 35, "type": "battery", "hp": 89.2}, {"x": 31, "y": 35, "type": "cultivator", "hp": 89.2}, {"x": 12, "y": 1, "type": "battery", "hp": 89.2}, {"x": 11, "y": 21, "type": "battery", "hp": 89.2}, {"x": 1, "y": 25, "type": "battery", "hp": 89.2}, {"x": 17, "y": 30, "type": "battery", "hp": 89.2}, {"x": 24, "y": 24, "type": "battery", "hp": 89.2}, {"x": 27, "y": 1, "type": "battery", "hp": 89.2}, {"x": 13, "y": 0, "type": "battery", "hp": 89.2}, {"x": 13, "y": 2, "type": "battery", "hp": 89.2}, {"x": 8, "y": 7, "type": "battery", "hp": 89.2}, {"x": 33, "y": 30, "type": "battery", "hp": 89.2}, {"x": 4, "y": 28, "type": "battery", "hp": 89.2}, {"x": 24, "y": 25, "type": "battery", "hp": 89.2}, {"x": 3, "y": 6, "type": "battery", "hp": 89.2}, {"x": 17, "y": 32, "type": "battery", "hp": 89.2}, {"x": 10, "y": 34, "type": "battery", "hp": 89.2}, {"x": 17, "y": 17, "type": "battery", "hp": 89.2}, {"x": 24, "y": 19, "type": "battery", "hp": 89.2}, {"x": 5, "y": 30, "type": "battery", "hp": 89.2}, {"x": 23, "y": 28, "type": "battery", "hp": 89.2}, {"x": 13, "y": 16, "type": "battery", "hp": 89.2}, {"x": 28, "y": 17, "type": "cultivator", "hp": 89.2}, {"x": 36, "y": 19, "type": "battery", "hp": 89.2}, {"x": 29, "y": 4, "type": "battery", "hp": 89.2}, {"x": 7, "y": 38, "type": "battery", "hp": 89.2}, {"x": 14, "y": 19, "type": "battery", "hp": 89.2}, {"x": 23, "y": 12, "type": "battery", "hp": 89.2}, {"x": 24, "y": 17, "type": "battery", "hp": 89.2}, {"x": 30, "y": 35, "type": "battery", "hp": 89.2}, {"x": 33, "y": 18, "type": "battery", "hp": 89.2}, {"x": 23, "y": 17, "type": "battery", "hp": 89.2}, {"x": 35, "y": 32, "type": "battery", "hp": 89.2}, {"x": 28, "y": 39, "type": "battery", "hp": 89.2}, {"x": 13, "y": 9, "type": "battery", "hp": 89.2}, {"x": 27, "y": 20, "type": "battery", "hp": 89.2}, {"x": 23, "y": 24, "type": "battery", "hp": 89.2}, {"x": 8, "y": 9, "type": "battery", "hp": 89.2}, {"x": 16, "y": 0, "type": "battery", "hp": 89.2}, {"x": 19, "y": 3, "type": "battery", "hp": 89.2}, {"x": 24, "y": 13, "type": "battery", "hp": 89.2}, {"x": 27, "y": 14, "type": "battery", "hp": 89.2}, {"x": 8, "y": 39, "type": "battery", "hp": 89.2}, {"x": 15, "y": 6, "type": "battery", "hp": 89.2}, {"x": 7, "y": 9, "type": "cultivator", "hp": 89.2}, {"x": 28, "y": 36, "type": "battery", "hp": 89.2}, {"x": 32, "y": 35, "type": "battery", "hp": 89.2}, {"x": 27, "y": 24, "type": "battery", "hp": 89.2}, {"x": 33, "y": 29, "type": "battery", "hp": 89.2}, {"x": 20, "y": 8, "type": "battery", "hp": 89.2}, {"x": 26, "y": 38, "type": "battery", "hp": 89.2}, {"x": 26, "y": 16, "type": "battery", "hp": 89.2}, {"x": 11, "y": 18, "type": "battery", "hp": 89.2}, {"x": 28, "y": 35, "type": "cultivator", "hp": 89.3}, {"x": 3, "y": 27, "type": "cultivator", "hp": 89.3}, {"x": 4, "y": 27, "type": "cultivator", "hp": 89.3}, {"x": 32, "y": 19, "type": "battery", "hp": 89.3}, {"x": 19, "y": 28, "type": "cultivator", "hp": 89.3}, {"x": 28, "y": 2, "type": "cultivator", "hp": 89.3}, {"x": 24, "y": 21, "type": "cultivator", "hp": 89.3}, {"x": 14, "y": 17, "type": "cultivator", "hp": 89.3}, {"x": 32, "y": 34, "type": "cultivator", "hp": 89.3}, {"x": 33, "y": 31, "type": "cultivator", "hp": 89.3}, {"x": 38, "y": 21, "type": "cultivator", "hp": 89.3}, {"x": 37, "y": 36, "type": "cultivator", "hp": 89.3}, {"x": 15, "y": 5, "type": "cultivator", "hp": 89.3}, {"x": 25, "y": 12, "type": "trap", "hp": 89.3}, {"x": 35, "y": 33, "type": "battery", "hp": 89.3}, {"x": 14, "y": 16, "type": "cultivator", "hp": 89.3}, {"x": 18, "y": 19, "type": "cultivator", "hp": 89.3}, {"x": 18, "y": 18, "type": "cultivator", "hp": 89.3}, {"x": 25, "y": 25, "type": "cultivator", "hp": 89.3}, {"x": 10, "y": 35, "type": "cultivator", "hp": 89.3}, {"x": 16, "y": 16, "type": "cultivator", "hp": 89.3}, {"x": 25, "y": 3, "type": "cultivator", "hp": 89.3}, {"x": 3, "y": 37, "type": "cultivator", "hp": 89.3}, {"x": 39, "y": 34, "type": "battery", "hp": 89.3}, {"x": 25, "y": 10, "type": "battery", "hp": 89.3}, {"x": 14, "y": 2, "type": "battery", "hp": 89.3}, {"x": 25, "y": 2, "type": "cultivator", "hp": 89.3}, {"x": 3, "y": 22, "type": "cultivator", "hp": 89.3}, {"x": 5, "y": 28, "type": "cultivator", "hp": 89.3}, {"x": 0, "y": 16, "type": "cultivator", "hp": 89.3}, {"x": 27, "y": 5, "type": "cultivator", "hp": 89.3}, {"x": 22, "y": 27, "type": "cultivator", "hp": 89.3}, {"x": 24, "y": 5, "type": "cultivator", "hp": 89.3}, {"x": 26, "y": 6, "type": "battery", "hp": 89.3}, {"x": 14, "y": 18, "type": "cultivator", "hp": 89.3}, {"x": 33, "y": 20, "type": "cultivator", "hp": 89.3}, {"x": 7, "y": 39, "type": "cultivator", "hp": 89.3}, {"x": 27, "y": 36, "type": "cultivator", "hp": 89.3}, {"x": 0, "y": 7, "type": "cultivator", "hp": 89.3}, {"x": 15, "y": 18, "type": "cultivator", "hp": 89.3}, {"x": 4, "y": 8, "type": "cultivator", "hp": 89.3}, {"x": 5, "y": 24, "type": "battery", "hp": 89.3}, {"x": 28, "y": 3, "type": "cultivator", "hp": 89.3}, {"x": 26, "y": 19, "type": "battery", "hp": 89.3}, {"x": 35, "y": 18, "type": "cultivator", "hp": 89.3}, {"x": 4, "y": 25, "type": "cultivator", "hp": 89.3}, {"x": 24, "y": 18, "type": "cultivator", "hp": 89.3}, {"x": 7, "y": 7, "type": "battery", "hp": 89.3}, {"x": 27, "y": 37, "type": "cultivator", "hp": 89.3}, {"x": 29, "y": 16, "type": "battery", "hp": 89.3}, {"x": 28, "y": 24, "type": "cultivator", "hp": 89.3}, {"x": 12, "y": 18, "type": "cultivator", "hp": 89.3}, {"x": 13, "y": 17, "type": "cultivator", "hp": 89.3}, {"x": 8, "y": 3, "type": "cultivator", "hp": 89.3}, {"x": 29, "y": 0, "type": "battery", "hp": 89.3}, {"x": 1, "y": 37, "type": "cultivator", "hp": 89.3}, {"x": 32, "y": 17, "type": "cultivator", "hp": 89.3}, {"x": 9, "y": 33, "type": "cultivator", "hp": 89.3}, {"x": 4, "y": 31, "type": "battery", "hp": 89.3}, {"x": 27, "y": 21, "type": "cultivator", "hp": 89.3}, {"x": 16, "y": 39, "type": "cultivator", "hp": 89.3}, {"x": 14, "y": 27, "type": "cultivator", "hp": 89.3}, {"x": 37, "y": 21, "type": "cultivator", "hp": 89.3}, {"x": 3, "y": 10, "type": "cultivator", "hp": 89.3}, {"x": 39, "y": 33, "type": "cultivator", "hp": 89.3}, {"x": 27, "y": 13, "type": "cultivator", "hp": 89.3}, {"x": 29, "y": 38, "type": "cultivator", "hp": 89.3}, {"x": 11, "y": 6, "type": "cultivator", "hp": 89.3}, {"x": 27, "y": 33, "type": "cultivator", "hp": 89.3}, {"x": 38, "y": 18, "type": "cultivator", "hp": 89.3}, {"x": 17, "y": 29, "type": "cultivator", "hp": 89.3}, {"x": 6, "y": 31, "type": "cultivator", "hp": 89.3}, {"x": 10, "y": 28, "type": "cultivator", "hp": 89.3}, {"x": 17, "y": 33, "type": "cultivator", "hp": 89.3}, {"x": 13, "y": 3, "type": "cultivator", "hp": 89.3}, {"x": 25, "y": 18, "type": "cultivator", "hp": 89.3}, {"x": 11, "y": 19, "type": "cultivator", "hp": 89.3}, {"x": 11, "y": 30, "type": "cultivator", "hp": 89.3}, {"x": 26, "y": 34, "type": "cultivator", "hp": 89.3}, {"x": 33, "y": 19, "type": "cultivator", "hp": 89.3}, {"x": 35, "y": 30, "type": "cultivator", "hp": 89.3}, {"x": 7, "y": 10, "type": "cultivator", "hp": 89.3}, {"x": 34, "y": 33, "type": "cultivator", "hp": 89.3}, {"x": 26, "y": 18, "type": "cultivator", "hp": 89.3}, {"x": 20, "y": 21, "type": "cultivator", "hp": 89.3}, {"x": 21, "y": 7, "type": "cultivator", "hp": 89.3}, {"x": 15, "y": 35, "type": "cultivator", "hp": 89.3}, {"x": 27, "y": 26, "type": "cultivator", "hp": 89.4}, {"x": 32, "y": 36, "type": "cultivator", "hp": 89.4}, {"x": 13, "y": 1, "type": "cultivator", "hp": 89.4}, {"x": 27, "y": 6, "type": "cultivator", "hp": 89.4}, {"x": 10, "y": 29, "type": "cultivator", "hp": 89.4}, {"x": 14, "y": 0, "type": "cultivator", "hp": 89.4}, {"x": 3, "y": 38, "type": "cultivator", "hp": 89.4}, {"x": 12, "y": 19, "type": "cultivator", "hp": 89.4}, {"x": 32, "y": 20, "type": "battery", "hp": 89.4}, {"x": 30, "y": 1, "type": "battery", "hp": 89.4}, {"x": 14, "y": 28, "type": "battery", "hp": 89.4}, {"x": 8, "y": 28, "type": "cultivator", "hp": 89.4}, {"x": 4, "y": 23, "type": "battery", "hp": 89.4}, {"x": 6, "y": 30, "type": "cultivator", "hp": 89.4}, {"x": 30, "y": 36, "type": "cultivator", "hp": 89.4}, {"x": 18, "y": 30, "type": "cultivator", "hp": 89.4}, {"x": 30, "y": 34, "type": "trap", "hp": 89.4}, {"x": 24, "y": 14, "type": "cultivator", "hp": 89.4}, {"x": 13, "y": 4, "type": "cultivator", "hp": 89.4}, {"x": 9, "y": 7, "type": "cultivator", "hp": 89.4}, {"x": 26, "y": 2, "type": "cultivator", "hp": 89.4}, {"x": 36, "y": 30, "type": "cultivator", "hp": 89.4}, {"x": 28, "y": 38, "type": "cultivator", "hp": 89.4}, {"x": 12, "y": 7, "type": "battery", "hp": 89.4}, {"x": 3, "y": 11, "type": "cultivator", "hp": 89.4}, {"x": 5, "y": 25, "type": "cultivator", "hp": 89.4}, {"x": 19, "y": 21, "type": "cultivator", "hp": 89.4}, {"x": 27, "y": 35, "type": "cultivator", "hp": 89.4}, {"x": 8, "y": 29, "type": "cultivator", "hp": 89.5}, {"x": 13, "y": 8, "type": "battery", "hp": 89.5}, {"x": 10, "y": 7, "type": "battery", "hp": 89.5}, {"x": 33, "y": 37, "type": "battery", "hp": 89.5}, {"x": 4, "y": 38, "type": "cultivator", "hp": 89.5}, {"x": 12, "y": 30, "type": "cultivator", "hp": 89.5}, {"x": 33, "y": 21, "type": "trap", "hp": 89.5}, {"x": 24, "y": 15, "type": "cultivator", "hp": 89.5}, {"x": 27, "y": 7, "type": "battery", "hp": 89.5}, {"x": 19, "y": 31, "type": "cultivator", "hp": 89.5}, {"x": 26, "y": 25, "type": "cultivator", "hp": 89.5}, {"x": 3, "y": 12, "type": "cultivator", "hp": 89.5}, {"x": 6, "y": 25, "type": "cultivator", "hp": 89.5}, {"x": 17, "y": 16, "type": "cultivator", "hp": 89.5}, {"x": 35, "y": 34, "type": "battery", "hp": 89.5}, {"x": 16, "y": 6, "type": "cultivator", "hp": 89.5}, {"x": 13, "y": 5, "type": "cultivator", "hp": 89.5}, {"x": 24, "y": 4, "type": "battery", "hp": 89.5}, {"x": 5, "y": 39, "type": "cultivator", "hp": 89.6}, {"x": 12, "y": 17, "type": "battery", "hp": 89.6}, {"x": 15, "y": 2, "type": "cultivator", "hp": 89.6}, {"x": 2, "y": 38, "type": "cultivator", "hp": 89.6}, {"x": 8, "y": 30, "type": "cultivator", "hp": 89.6}, {"x": 28, "y": 26, "type": "cultivator", "hp": 89.6}, {"x": 20, "y": 32, "type": "cultivator", "hp": 89.6}, {"x": 27, "y": 17, "type": "cultivator", "hp": 89.6}, {"x": 11, "y": 7, "type": "cultivator", "hp": 89.6}, {"x": 28, "y": 8, "type": "battery", "hp": 89.6}, {"x": 13, "y": 30, "type": "cultivator", "hp": 89.6}, {"x": 2, "y": 22, "type": "battery", "hp": 89.6}, {"x": 36, "y": 35, "type": "battery", "hp": 89.6}, {"x": 37, "y": 30, "type": "cultivator", "hp": 89.6}, {"x": 26, "y": 3, "type": "battery", "hp": 89.6}, {"x": 7, "y": 25, "type": "cultivator", "hp": 89.6}, {"x": 30, "y": 39, "type": "cultivator", "hp": 89.6}, {"x": 24, "y": 16, "type": "cultivator", "hp": 89.6}, {"x": 14, "y": 9, "type": "trap", "hp": 89.6}, {"x": 35, "y": 31, "type": "cultivator", "hp": 89.7}, {"x": 15, "y": 10, "type": "battery", "hp": 89.7}, {"x": 39, "y": 19, "type": "battery", "hp": 89.7}, {"x": 27, "y": 18, "type": "cultivator", "hp": 89.7}, {"x": 14, "y": 30, "type": "cultivator", "hp": 89.7}, {"x": 21, "y": 5, "type": "cultivator", "hp": 89.7}, {"x": 2, "y": 23, "type": "battery", "hp": 89.7}, {"x": 17, "y": 7, "type": "cultivator", "hp": 89.7}, {"x": 31, "y": 0, "type": "cultivator", "hp": 89.7}, {"x": 28, "y": 37, "type": "trap", "hp": 89.7}, {"x": 10, "y": 30, "type": "cultivator", "hp": 89.7}, {"x": 3, "y": 39, "type": "cultivator", "hp": 89.7}, {"x": 12, "y": 8, "type": "cultivator", "hp": 89.7}, {"x": 4, "y": 37, "type": "battery", "hp": 89.7}, {"x": 8, "y": 25, "type": "cultivator", "hp": 89.7}, {"x": 34, "y": 31, "type": "cultivator", "hp": 89.7}, {"x": 4, "y": 0, "type": "cultivator", "hp": 89.8}, {"x": 3, "y": 13, "type": "cultivator", "hp": 89.8}, {"x": 2, "y": 24, "type": "battery", "hp": 89.8}, {"x": 15, "y": 30, "type": "cultivator", "hp": 89.8}, {"x": 29, "y": 17, "type": "cultivator", "hp": 89.8}, {"x": 4, "y": 11, "type": "cultivator", "hp": 89.8}, {"x": 18, "y": 8, "type": "cultivator", "hp": 89.8}, {"x": 27, "y": 25, "type": "cultivator", "hp": 89.8}, {"x": 11, "y": 0, "type": "cultivator", "hp": 89.8}, {"x": 2, "y": 27, "type": "cultivator", "hp": 89.8}, {"x": 18, "y": 34, "type": "cultivator", "hp": 89.8}, {"x": 0, "y": 34, "type": "cultivator", "hp": 89.8}, {"x": 24, "y": 9, "type": "cultivator", "hp": 89.8}, {"x": 9, "y": 25, "type": "cultivator", "hp": 89.8}, {"x": 19, "y": 9, "type": "cultivator", "hp": 89.9}, {"x": 28, "y": 25, "type": "cultivator", "hp": 89.9}, {"x": 25, "y": 17, "type": "cultivator", "hp": 89.9}, {"x": 29, "y": 3, "type": "cultivator", "hp": 89.9}, {"x": 25, "y": 32, "type": "battery", "hp": 89.9}, {"x": 3, "y": 14, "type": "cultivator", "hp": 89.9}, {"x": 39, "y": 35, "type": "battery", "hp": 89.9}, {"x": 8, "y": 31, "type": "cultivator", "hp": 89.9}, {"x": 11, "y": 22, "type": "trap", "hp": 89.9}, {"x": 24, "y": 31, "type": "cultivator", "hp": 90.0}, {"x": 37, "y": 37, "type": "battery", "hp": 90.0}, {"x": 21, "y": 21, "type": "cultivator", "hp": 90.0}, {"x": 24, "y": 29, "type": "cultivator", "hp": 90.0}, {"x": 30, "y": 3, "type": "cultivator", "hp": 90.0}, {"x": 12, "y": 9, "type": "battery", "hp": 90.0}, {"x": 15, "y": 11, "type": "battery", "hp": 90.0}, {"x": 8, "y": 32, "type": "cultivator", "hp": 90.0}, {"x": 4, "y": 14, "type": "cultivator", "hp": 90.0}, {"x": 9, "y": 4, "type": "cultivator", "hp": 90.1}, {"x": 31, "y": 3, "type": "cultivator", "hp": 90.1}, {"x": 8, "y": 33, "type": "cultivator", "hp": 90.1}, {"x": 27, "y": 4, "type": "battery", "hp": 90.1}, {"x": 6, "y": 1, "type": "cultivator", "hp": 90.1}, {"x": 16, "y": 12, "type": "cultivator", "hp": 90.1}, {"x": 25, "y": 30, "type": "cultivator", "hp": 90.1}, {"x": 27, "y": 19, "type": "cultivator", "hp": 90.1}, {"x": 27, "y": 34, "type": "cultivator", "hp": 90.1}, {"x": 9, "y": 29, "type": "cultivator", "hp": 90.1}, {"x": 20, "y": 10, "type": "cultivator", "hp": 90.1}, {"x": 32, "y": 21, "type": "cultivator", "hp": 90.1}, {"x": 23, "y": 13, "type": "cultivator", "hp": 90.2}, {"x": 26, "y": 31, "type": "cultivator", "hp": 90.2}, {"x": 10, "y": 5, "type": "cultivator", "hp": 90.2}, {"x": 22, "y": 21, "type": "cultivator", "hp": 90.2}, {"x": 8, "y": 34, "type": "cultivator", "hp": 90.2}, {"x": 16, "y": 13, "type": "cultivator", "hp": 90.2}, {"x": 32, "y": 3, "type": "cultivator", "hp": 90.2}, {"x": 7, "y": 2, "type": "cultivator", "hp": 90.2}, {"x": 6, "y": 9, "type": "cultivator", "hp": 90.2}, {"x": 21, "y": 11, "type": "cultivator", "hp": 90.2}, {"x": 39, "y": 20, "type": "cultivator", "hp": 90.2}, {"x": 28, "y": 34, "type": "cultivator", "hp": 90.2}, {"x": 39, "y": 21, "type": "cultivator", "hp": 90.3}, {"x": 25, "y": 16, "type": "cultivator", "hp": 90.3}, {"x": 27, "y": 32, "type": "cultivator", "hp": 90.3}, {"x": 9, "y": 35, "type": "cultivator", "hp": 90.3}, {"x": 4, "y": 15, "type": "cultivator", "hp": 90.3}, {"x": 23, "y": 21, "type": "cultivator", "hp": 90.3}, {"x": 29, "y": 34, "type": "cultivator", "hp": 90.3}, {"x": 4, "y": 16, "type": "cultivator", "hp": 90.4}, {"x": 28, "y": 33, "type": "cultivator", "hp": 90.4}, {"x": 5, "y": 9, "type": "cultivator", "hp": 90.4}, {"x": 13, "y": 10, "type": "battery", "hp": 90.4}, {"x": 0, "y": 22, "type": "cultivator", "hp": 90.4}, {"x": 14, "y": 15, "type": "cultivator", "hp": 90.4}, {"x": 25, "y": 15, "type": "cultivator", "hp": 90.4}, {"x": 13, "y": 15, "type": "cultivator", "hp": 90.5}, {"x": 4, "y": 9, "type": "cultivator", "hp": 90.5}, {"x": 14, "y": 10, "type": "battery", "hp": 90.5}, {"x": 1, "y": 23, "type": "cultivator", "hp": 90.5}, {"x": 10, "y": 26, "type": "cultivator", "hp": 90.5}, {"x": 20, "y": 20, "type": "battery", "hp": 90.5}, {"x": 25, "y": 14, "type": "cultivator", "hp": 90.5}, {"x": 5, "y": 17, "type": "cultivator", "hp": 90.5}, {"x": 14, "y": 29, "type": "cultivator", "hp": 90.6}, {"x": 33, "y": 3, "type": "cultivator", "hp": 90.6}, {"x": 25, "y": 13, "type": "cultivator", "hp": 90.6}, {"x": 3, "y": 9, "type": "cultivator", "hp": 90.6}, {"x": 11, "y": 27, "type": "cultivator", "hp": 90.6}, {"x": 9, "y": 36, "type": "cultivator", "hp": 90.6}, {"x": 28, "y": 19, "type": "cultivator", "hp": 90.6}, {"x": 34, "y": 3, "type": "cultivator", "hp": 90.7}, {"x": 31, "y": 36, "type": "cultivator", "hp": 90.7}, {"x": 9, "y": 37, "type": "cultivator", "hp": 90.7}, {"x": 5, "y": 18, "type": "cultivator", "hp": 90.7}, {"x": 29, "y": 19, "type": "cultivator", "hp": 90.7}, {"x": 2, "y": 9, "type": "cultivator", "hp": 90.7}, {"x": 12, "y": 28, "type": "cultivator", "hp": 90.7}, {"x": 14, "y": 31, "type": "cultivator", "hp": 90.8}, {"x": 35, "y": 3, "type": "cultivator", "hp": 90.8}, {"x": 17, "y": 13, "type": "battery", "hp": 90.8}, {"x": 32, "y": 37, "type": "cultivator", "hp": 90.8}, {"x": 18, "y": 13, "type": "battery", "hp": 90.9}, {"x": 36, "y": 3, "type": "cultivator", "hp": 90.9}, {"x": 1, "y": 9, "type": "cultivator", "hp": 90.9}, {"x": 37, "y": 3, "type": "cultivator", "hp": 91.0}, {"x": 19, "y": 13, "type": "battery", "hp": 91.0}, {"x": 25, "y": 21, "type": "cultivator", "hp": 91.0}, {"x": 21, "y": 23, "type": "battery", "hp": 91.0}, {"x": 0, "y": 9, "type": "cultivator", "hp": 91.0}, {"x": 9, "y": 30, "type": "cultivator", "hp": 91.0}, {"x": 35, "y": 0, "type": "cultivator", "hp": 91.1}, {"x": 20, "y": 13, "type": "battery", "hp": 91.1}, {"x": 39, "y": 9, "type": "cultivator", "hp": 91.1}, {"x": 10, "y": 38, "type": "cultivator", "hp": 91.1}, {"x": 6, "y": 28, "type": "battery", "hp": 91.1}, {"x": 38, "y": 8, "type": "cultivator", "hp": 91.2}, {"x": 11, "y": 39, "type": "cultivator", "hp": 91.2}, {"x": 7, "y": 28, "type": "cultivator", "hp": 91.2}, {"x": 23, "y": 5, "type": "cultivator", "hp": 91.3}, {"x": 37, "y": 2, "type": "cultivator", "hp": 91.3}, {"x": 31, "y": 21, "type": "cultivator", "hp": 91.3}, {"x": 6, "y": 19, "type": "cultivator", "hp": 91.4}, {"x": 30, "y": 21, "type": "cultivator", "hp": 91.4}, {"x": 21, "y": 13, "type": "cultivator", "hp": 91.4}, {"x": 36, "y": 26, "type": "cultivator", "hp": 91.4}, {"x": 9, "y": 28, "type": "cultivator", "hp": 91.4}, {"x": 7, "y": 20, "type": "cultivator", "hp": 91.5}, {"x": 8, "y": 21, "type": "cultivator", "hp": 91.6}, {"x": 17, "y": 15, "type": "cultivator", "hp": 91.7}, {"x": 38, "y": 3, "type": "cultivator", "hp": 91.7}, {"x": 39, "y": 4, "type": "cultivator", "hp": 91.8}, {"x": 0, "y": 5, "type": "cultivator", "hp": 91.9}, {"x": 1, "y": 6, "type": "cultivator", "hp": 92.0}, {"x": 2, "y": 7, "type": "cultivator", "hp": 92.1}, {"x": 3, "y": 8, "type": "cultivator", "hp": 92.2}, {"x": 16, "y": 11, "type": "cultivator", "hp": 92.4}, {"x": 17, "y": 18, "type": "cultivator", "hp": 92.4}, {"x": 21, "y": 37, "type": "cultivator", "hp": 92.9}, {"x": 22, "y": 38, "type": "cultivator", "hp": 93.1}, {"x": 22, "y": 39, "type": "cultivator", "hp": 93.3}, {"x": 10, "y": 20, "type": "cultivator", "hp": 93.4}, {"x": 22, "y": 0, "type": "cultivator", "hp": 93.4}, {"x": 29, "y": 21, "type": "cultivator", "hp": 93.4}, {"x": 22, "y": 1, "type": "cultivator", "hp": 93.5}, {"x": 17, "y": 23, "type": "cultivator", "hp": 93.7}, {"x": 22, "y": 2, "type": "cultivator", "hp": 93.7}, {"x": 17, "y": 28, "type": "cultivator", "hp": 93.7}, {"x": 13, "y": 18, "type": "cultivator", "hp": 93.8}, {"x": 17, "y": 24, "type": "cultivator", "hp": 94.1}, {"x": 17, "y": 25, "type": "cultivator", "hp": 94.4}, {"x": 8, "y": 2, "type": "cultivator", "hp": 94.5}, {"x": 17, "y": 26, "type": "cultivator", "hp": 94.6}, {"x": 17, "y": 27, "type": "cultivator", "hp": 94.7}, {"x": 36, "y": 23, "type": "battery", "hp": 95.6}, {"x": 36, "y": 22, "type": "cultivator", "hp": 95.9}, {"x": 27, "y": 2, "type": "cultivator", "hp": 96.5}, {"x": 20, "y": 14, "type": "battery", "hp": 96.6}, {"x": 17, "y": 19, "type": "battery", "hp": 96.9}, {"x": 5, "y": 10, "type": "cultivator", "hp": 96.9}, {"x": 17, "y": 20, "type": "battery", "hp": 97.0}, {"x": 20, "y": 15, "type": "cultivator", "hp": 97.0}, {"x": 18, "y": 21, "type": "battery", "hp": 97.1}, {"x": 17, "y": 21, "type": "battery", "hp": 97.2}, {"x": 20, "y": 28, "type": "cultivator", "hp": 97.4}, {"x": 19, "y": 22, "type": "cultivator", "hp": 97.4}, {"x": 13, "y": 29, "type": "cultivator", "hp": 97.4}, {"x": 20, "y": 23, "type": "cultivator", "hp": 97.5}, {"x": 25, "y": 24, "type": "cultivator", "hp": 97.6}, {"x": 21, "y": 24, "type": "cultivator", "hp": 97.7}, {"x": 26, "y": 30, "type": "battery", "hp": 97.7}, {"x": 22, "y": 25, "type": "cultivator", "hp": 97.8}, {"x": 22, "y": 11, "type": "cultivator", "hp": 98.1}, {"x": 24, "y": 27, "type": "cultivator", "hp": 98.1}, {"x": 0, "y": 3, "type": "cultivator", "hp": 98.2}, {"x": 25, "y": 28, "type": "cultivator", "hp": 98.3}, {"x": 21, "y": 28, "type": "cultivator", "hp": 98.3}, {"x": 22, "y": 28, "type": "cultivator", "hp": 98.4}, {"x": 26, "y": 29, "type": "cultivator", "hp": 98.4}, {"x": 30, "y": 33, "type": "cultivator", "hp": 99.2}, {"x": 31, "y": 34, "type": "cultivator", "hp": 99.3}, {"x": 23, "y": 20, "type": "battery", "hp": 99.5}, {"x": 21, "y": 4, "type": "cultivator", "hp": 99.7}, {"x": 31, "y": 5, "type": "cultivator", "hp": 100.0}], "agent_positions": [{"id": "79a3b6", "x": 27, "y": 34, "energy": 169.0999, "tag": [0.642, 0.364, 0.2857]}, {"id": "736d75", "x": 20, "y": 20, "energy": 133.0713, "tag": [0.3169, 0.1464, 0.6385]}, {"id": "fbacc1", "x": 5, "y": 24, "energy": -10.4289, "tag": [0.7298, 0.4845, 0.538]}, {"id": "8e7fd9", "x": 27, "y": 14, "energy": 151.5774, "tag": [0.3077, 0.4337, 0.2176]}, {"id": "7b6ebf", "x": 0, "y": 7, "energy": 17.0857, "tag": [0.8778, 0.8949, 0.8945]}, {"id": "bc2d43", "x": 25, "y": 21, "energy": 243.6852, "tag": [0.1364, 0.5803, 0.8997]}, {"id": "d167f4", "x": 34, "y": 34, "energy": 75.4931, "tag": [0.7243, 0.0888, 0.2554]}, {"id": "0e677f", "x": 24, "y": 11, "energy": 128.0026, "tag": [0.2084, 0.8195, 0.1846]}, {"id": "8c9db9", "x": 13, "y": 19, "energy": 42.9679, "tag": [0.1839, 0.3948, 0.2425]}, {"id": "fcb2e4", "x": 3, "y": 24, "energy": -5.0288, "tag": [0.7847, 0.3758, 0.4465]}, {"id": "f1a009", "x": 10, "y": 28, "energy": 546.0482, "tag": [0.6084, 0.0427, 0.1962]}, {"id": "3e3f7b", "x": 1, "y": 16, "energy": 1385.207, "tag": [0.762, 0.884, 0.9788]}, {"id": "7409a0", "x": 25, "y": 7, "energy": 135.9795, "tag": [0.7466, 0.2629, 0.5452]}, {"id": "faa75b", "x": 18, "y": 18, "energy": 116.4316, "tag": [0.7002, 0.2201, 0.138]}, {"id": "214262", "x": 15, "y": 1, "energy": 27.7633, "tag": [0.9271, 0.5596, 0.3036]}, {"id": "ecfcb9", "x": 24, "y": 9, "energy": 137.7361, "tag": [0.6584, 0.156, 0.1319]}, {"id": "2e980b", "x": 34, "y": 26, "energy": 68.7797, "tag": [0.374, 0.5871, 0.281]}, {"id": "772076", "x": 15, "y": 28, "energy": 150.8178, "tag": [0.1688, 0.3623, 0.3934]}, {"id": "4c81ba", "x": 21, "y": 12, "energy": 84.4594, "tag": [0.6326, 0.7297, 0.4553]}, {"id": "5cc582", "x": 13, "y": 9, "energy": 128.7196, "tag": [0.4797, 0.6087, 0.1587]}, {"id": "921b96", "x": 13, "y": 18, "energy": 111.3844, "tag": [0.5425, 0.3222, 0.9104]}, {"id": "a9bee7", "x": 15, "y": 19, "energy": 129.382, "tag": [0.9675, 0.0486, 0.9994]}, {"id": "d113e2", "x": 17, "y": 12, "energy": 138.6877, "tag": [0.3026, 0.4369, 0.2803]}, {"id": "0ee411", "x": 28, "y": 17, "energy": 185.5453, "tag": [0.3512, 0.5823, 0.6531]}, {"id": "d593ab", "x": 10, "y": 30, "energy": 63.5228, "tag": [0.8056, 0.0483, 0.4853]}, {"id": "5fdb9e", "x": 15, "y": 6, "energy": 141.7283, "tag": [0.6259, 0.3854, 0.0162]}, {"id": "19adee", "x": 21, "y": 35, "energy": 64.0237, "tag": [0.6645, 0.3269, 0.9461]}, {"id": "6c9a40", "x": 26, "y": 16, "energy": 101.2571, "tag": [0.6785, 0.3669, 0.6652]}, {"id": "4afa03", "x": 35, "y": 28, "energy": 26.5562, "tag": [0.374, 0.5871, 0.281]}, {"id": "b796f7", "x": 35, "y": 3, "energy": 40.0036, "tag": [0.4356, 0.321, 0.1011]}, {"id": "d6b5c0", "x": 3, "y": 28, "energy": 92.9342, "tag": [0.114, 0.3726, 0.3428]}, {"id": "531a80", "x": 36, "y": 18, "energy": 82.1311, "tag": [0.8943, 0.7433, 0.3033]}, {"id": "74febf", "x": 8, "y": 39, "energy": 171.2467, "tag": [0.5013, 0.5005, 0.3591]}, {"id": "c5bb0a", "x": 22, "y": 4, "energy": 148.8183, "tag": [0.7627, 0.8929, 0.7175]}, {"id": "b0df6e", "x": 25, "y": 25, "energy": 118.0951, "tag": [0.1767, 0.296, 0.7965]}, {"id": "08b429", "x": 28, "y": 29, "energy": 115.3104, "tag": [0.8617, 0.6398, 0.4207]}, {"id": "6e53c9", "x": 13, "y": 12, "energy": 107.1915, "tag": [0.778, 0.238, 0.1694]}, {"id": "e2b827", "x": 30, "y": 37, "energy": 200.1259, "tag": [0.7879, 0.5144, 0.7956]}, {"id": "300516", "x": 14, "y": 18, "energy": 70.7803, "tag": [0.5899, 0.4077, 0.1442]}, {"id": "7d0ad7", "x": 37, "y": 29, "energy": 66.731, "tag": [0.9411, 0.8537, 0.2351]}, {"id": "41b449", "x": 26, "y": 38, "energy": 164.1102, "tag": [0.4799, 0.7956, 0.5337]}, {"id": "86ca16", "x": 27, "y": 3, "energy": 154.3067, "tag": [0.2874, 0.4332, 0.2408]}, {"id": "dc1a7d", "x": 38, "y": 1, "energy": 207.194, "tag": [0.8529, 0.2256, 0.7425]}, {"id": "176499", "x": 22, "y": 0, "energy": 287.2474, "tag": [0.0273, 0.7702, 0.5537]}, {"id": "f7aa5d", "x": 39, "y": 31, "energy": -4.2821, "tag": [0.6872, 0.914, 0.8647]}, {"id": "d54343", "x": 25, "y": 24, "energy": 97.1666, "tag": [0.7436, 0.5296, 0.0212]}, {"id": "127fe5", "x": 36, "y": 26, "energy": 765.8627, "tag": [0.1438, 0.4244, 0.5749]}, {"id": "b448b4", "x": 10, "y": 20, "energy": 268.3267, "tag": [0.7769, 0.23, 0.5889]}, {"id": "b3473d", "x": 29, "y": 35, "energy": 67.9924, "tag": [0.2103, 0.1237, 0.4876]}, {"id": "b05121", "x": 20, "y": 8, "energy": 151.1009, "tag": [0.0683, 0.1257, 0.821]}, {"id": "d4abe4", "x": 30, "y": 1, "energy": -4.4277, "tag": [0.9371, 0.9223, 0.0912]}, {"id": "1fd6a9", "x": 11, "y": 2, "energy": 131.5741, "tag": [0.9068, 0.2781, 0.5612]}, {"id": "2232fe", "x": 23, "y": 6, "energy": 139.2575, "tag": [0.6217, 0.8359, 0.9031]}, {"id": "a260ec", "x": 11, "y": 21, "energy": 161.5235, "tag": [0.8817, 0.6146, 0.4339]}, {"id": "73d717", "x": 11, "y": 28, "energy": 226.6554, "tag": [0.3069, 0.7316, 0.9976]}, {"id": "d8204f", "x": 24, "y": 12, "energy": 172.434, "tag": [0.5506, 0.7642, 0.637]}, {"id": "bc4c6d", "x": 26, "y": 26, "energy": 114.4088, "tag": [0.2247, 0.5064, 0.7614]}, {"id": "c44a36", "x": 2, "y": 37, "energy": 117.4392, "tag": [0.1965, 0.8454, 0.5969]}, {"id": "7cb07f", "x": 4, "y": 11, "energy": 97.7573, "tag": [0.7524, 0.4615, 0.2253]}, {"id": "f7836f", "x": 29, "y": 36, "energy": 186.7961, "tag": [0.0662, 0.8722, 0.6582]}, {"id": "a75a34", "x": 29, "y": 4, "energy": 156.8574, "tag": [0.4381, 0.3347, 0.6336]}, {"id": "b8d988", "x": 29, "y": 37, "energy": 97.0397, "tag": [0.553, 0.8526, 0.5739]}, {"id": "3ad81f", "x": 19, "y": 28, "energy": 109.5492, "tag": [0.6409, 0.7215, 0.9857]}, {"id": "4c4e44", "x": 15, "y": 2, "energy": 99.6168, "tag": [0.6385, 0.9628, 0.0898]}, {"id": "920731", "x": 36, "y": 22, "energy": 37.9737, "tag": [0.4513, 0.664, 0.0349]}, {"id": "f21f39", "x": 17, "y": 30, "energy": 173.1091, "tag": [0.0701, 0.5501, 0.9024]}, {"id": "a943f6", "x": 10, "y": 35, "energy": 153.6759, "tag": [0.0718, 0.4124, 0.114]}, {"id": "515f36", "x": 32, "y": 20, "energy": 122.5697, "tag": [0.9801, 0.5481, 0.5659]}, {"id": "b2ffe1", "x": 16, "y": 2, "energy": 79.1937, "tag": [0.4193, 0.0628, 0.0496]}, {"id": "0ca6e4", "x": 19, "y": 3, "energy": 363.4062, "tag": [0.0873, 0.2016, 0.6556]}, {"id": "fad763", "x": 1, "y": 38, "energy": 56.3646, "tag": [0.2294, 0.9426, 0.0418]}, {"id": "3d9545", "x": 25, "y": 27, "energy": 59.4479, "tag": [0.1247, 0.9562, 0.5458]}, {"id": "3833a4", "x": 14, "y": 39, "energy": 96.7952, "tag": [0.021, 0.1793, 0.48]}, {"id": "15cd8b", "x": 19, "y": 7, "energy": 107.1519, "tag": [0.6715, 0.3111, 0.1202]}, {"id": "bb4695", "x": 9, "y": 32, "energy": 63.4105, "tag": [0.172, 0.2773, 0.5469]}, {"id": "277383", "x": 18, "y": 2, "energy": 23.2952, "tag": [0.4304, 0.9488, 0.3815]}, {"id": "2ce730", "x": 9, "y": 4, "energy": 170.4019, "tag": [0.2, 0.2732, 0.8824]}, {"id": "afe45d", "x": 39, "y": 19, "energy": -9.1236, "tag": [0.7062, 0.7807, 0.0162]}, {"id": "e2aa75", "x": 26, "y": 4, "energy": 171.6297, "tag": [0.9322, 0.6323, 0.3237]}, {"id": "117bc2", "x": 3, "y": 6, "energy": 155.8057, "tag": [0.56, 0.3639, 0.566]}, {"id": "5631ca", "x": 25, "y": 10, "energy": 109.2377, "tag": [0.6782, 0.6035, 0.7571]}, {"id": "cf6e8e", "x": 30, "y": 24, "energy": 89.8065, "tag": [0.3177, 0.5235, 0.186]}, {"id": "366b08", "x": 1, "y": 4, "energy": 139.7283, "tag": [0.6154, 0.7035, 0.3501]}, {"id": "d3851b", "x": 10, "y": 29, "energy": 660.6626, "tag": [0.2251, 0.2819, 0.0363]}, {"id": "f1cfef", "x": 0, "y": 34, "energy": 209.6935, "tag": [0.9852, 0.8681, 0.88]}, {"id": "059638", "x": 23, "y": 26, "energy": 118.8041, "tag": [0.1386, 0.0612, 0.421]}, {"id": "0abcc2", "x": 4, "y": 37, "energy": 157.8686, "tag": [0.6118, 0.9313, 0.102]}, {"id": "6e835f", "x": 32, "y": 35, "energy": 131.1248, "tag": [0.642, 0.8391, 0.5238]}, {"id": "6b084d", "x": 15, "y": 15, "energy": 258.2983, "tag": [0.8469, 0.4453, 0.3132]}, {"id": "510230", "x": 15, "y": 19, "energy": 125.0135, "tag": [1.0, 0.1247, 0.9858]}, {"id": "c1b92e", "x": 16, "y": 20, "energy": 110.0597, "tag": [0.6309, 0.3282, 0.1405]}, {"id": "f1c315", "x": 0, "y": 9, "energy": -22.2327, "tag": [0.8496, 0.8917, 0.904]}, {"id": "ef0c98", "x": 27, "y": 1, "energy": 480.5574, "tag": [0.5148, 0.3816, 0.1494]}, {"id": "1b637a", "x": 12, "y": 35, "energy": 91.1381, "tag": [0.2304, 0.9138, 0.463]}, {"id": "93fd16", "x": 1, "y": 6, "energy": -4.5976, "tag": [0.6962, 0.4483, 0.7347]}, {"id": "ea77cf", "x": 16, "y": 1, "energy": 117.6642, "tag": [0.4528, 0.0863, 0.0706]}, {"id": "059f41", "x": 15, "y": 35, "energy": -8.5549, "tag": [0.4631, 0.8339, 0.3527]}, {"id": "230e93", "x": 39, "y": 24, "energy": 629.5228, "tag": [0.1219, 0.3904, 0.5654]}, {"id": "a94aa0", "x": 27, "y": 5, "energy": 150.6087, "tag": [0.0, 0.2265, 0.8656]}, {"id": "dea099", "x": 13, "y": 35, "energy": 69.3963, "tag": [0.9049, 0.5642, 0.3313]}, {"id": "27c678", "x": 25, "y": 12, "energy": 92.0801, "tag": [0.5191, 0.7659, 0.6361]}, {"id": "829950", "x": 4, "y": 8, "energy": 151.4876, "tag": [0.1373, 0.9299, 0.3851]}, {"id": "60d15d", "x": 13, "y": 34, "energy": 98.5035, "tag": [0.6875, 1.0, 0.0222]}, {"id": "31baa2", "x": 22, "y": 11, "energy": 124.2068, "tag": [0.3276, 0.9505, 0.6403]}, {"id": "852deb", "x": 35, "y": 18, "energy": -10.8099, "tag": [0.3381, 0.6245, 0.0]}, {"id": "f140de", "x": 33, "y": 29, "energy": 70.4924, "tag": [0.5153, 0.5443, 0.5599]}, {"id": "c0b28b", "x": 29, "y": 23, "energy": 124.8171, "tag": [0.8161, 0.0, 0.8811]}, {"id": "221e61", "x": 10, "y": 29, "energy": 155.0775, "tag": [0.7025, 0.0416, 0.2377]}, {"id": "b4c166", "x": 24, "y": 17, "energy": 52.2301, "tag": [0.828, 0.2723, 0.2282]}, {"id": "142bcf", "x": 24, "y": 19, "energy": 131.2809, "tag": [0.039, 0.7821, 0.5069]}, {"id": "24d925", "x": 7, "y": 26, "energy": 106.3268, "tag": [0.6209, 0.7632, 0.4624]}, {"id": "fb664c", "x": 11, "y": 17, "energy": 101.676, "tag": [0.5796, 0.4513, 0.1772]}, {"id": "3beb50", "x": 21, "y": 36, "energy": 103.0304, "tag": [0.6122, 0.2681, 0.96]}, {"id": "106e32", "x": 20, "y": 16, "energy": -13.3294, "tag": [0.5583, 0.9249, 0.1688]}, {"id": "2260fd", "x": 9, "y": 35, "energy": 200.8196, "tag": [0.9639, 0.6189, 0.3551]}, {"id": "173b7c", "x": 37, "y": 35, "energy": 116.7014, "tag": [0.929, 0.3218, 0.6294]}, {"id": "cff521", "x": 18, "y": 3, "energy": 335.928, "tag": [0.0548, 0.7811, 0.5807]}, {"id": "438c8c", "x": 20, "y": 3, "energy": 387.7005, "tag": [0.0835, 0.1551, 0.7431]}, {"id": "0bf11e", "x": 31, "y": 17, "energy": 90.7345, "tag": [0.7675, 0.4617, 0.0894]}, {"id": "acd451", "x": 0, "y": 38, "energy": 42.8943, "tag": [0.6399, 1.0, 0.9047]}, {"id": "122127", "x": 24, "y": 26, "energy": 121.0184, "tag": [0.2026, 0.5415, 0.8175]}, {"id": "109805", "x": 29, "y": 25, "energy": 129.975, "tag": [0.8897, 0.5964, 0.4243]}, {"id": "df1798", "x": 5, "y": 30, "energy": 37.5737, "tag": [0.1089, 0.3129, 0.5201]}, {"id": "fe2bda", "x": 10, "y": 31, "energy": 33.5334, "tag": [0.1646, 0.2296, 0.6437]}, {"id": "ce0085", "x": 7, "y": 31, "energy": 20.4329, "tag": [0.6734, 0.22, 0.563]}, {"id": "193396", "x": 34, "y": 35, "energy": 84.2145, "tag": [0.2054, 0.3568, 0.3185]}, {"id": "918cec", "x": 37, "y": 30, "energy": 44.3922, "tag": [0.0757, 0.3336, 0.3012]}, {"id": "468755", "x": 27, "y": 20, "energy": 141.3098, "tag": [0.1189, 0.6333, 0.8365]}, {"id": "e851e5", "x": 27, "y": 25, "energy": 58.9814, "tag": [0.3233, 0.5407, 0.1835]}, {"id": "6434f6", "x": 24, "y": 24, "energy": 14.2703, "tag": [0.1538, 0.3245, 0.8282]}, {"id": "12bc12", "x": 35, "y": 34, "energy": 11.3425, "tag": [0.672, 0.9528, 0.8146]}, {"id": "d50849", "x": 38, "y": 0, "energy": 297.3149, "tag": [0.1775, 0.9832, 0.0723]}, {"id": "e9f5a4", "x": 27, "y": 2, "energy": 259.7585, "tag": [0.8009, 0.8799, 0.758]}, {"id": "499cc8", "x": 1, "y": 25, "energy": 127.2991, "tag": [0.7273, 0.3269, 0.4992]}, {"id": "fb8122", "x": 11, "y": 31, "energy": -14.0126, "tag": [0.305, 0.2704, 0.0]}, {"id": "8814f3", "x": 15, "y": 30, "energy": 168.7867, "tag": [0.1688, 0.3623, 0.3934]}, {"id": "13a47b", "x": 14, "y": 31, "energy": 16.9601, "tag": [0.0984, 0.4827, 0.8232]}, {"id": "b7a165", "x": 30, "y": 39, "energy": 169.3666, "tag": [0.5296, 0.825, 0.5214]}, {"id": "3024a7", "x": 13, "y": 29, "energy": 157.5541, "tag": [0.6992, 0.4597, 0.2397]}, {"id": "3ea7e7", "x": 23, "y": 24, "energy": 3.2679, "tag": [0.8352, 0.7995, 0.0838]}, {"id": "071d16", "x": 22, "y": 2, "energy": 28.075, "tag": [0.0, 0.2613, 0.2116]}, {"id": "fc8d78", "x": 27, "y": 5, "energy": 156.6043, "tag": [0.2364, 0.3683, 0.27]}, {"id": "6cfe99", "x": 27, "y": 5, "energy": 171.0114, "tag": [0.4017, 0.4768, 0.309]}, {"id": "551f02", "x": 22, "y": 4, "energy": 238.9173, "tag": [0.0, 0.7193, 0.5513]}, {"id": "3552f0", "x": 28, "y": 35, "energy": 71.1838, "tag": [0.0747, 0.8924, 0.7173]}, {"id": "6a5077", "x": 8, "y": 9, "energy": -4.775, "tag": [0.6178, 0.0, 0.2296]}, {"id": "697a4f", "x": 29, "y": 18, "energy": 67.6035, "tag": [0.6267, 0.2729, 0.6287]}, {"id": "4b6641", "x": 9, "y": 33, "energy": 13.6627, "tag": [0.6349, 0.4431, 0.8809]}, {"id": "e56ca7", "x": 36, "y": 7, "energy": 102.1727, "tag": [0.2981, 0.5868, 0.7089]}, {"id": "8ab48e", "x": 17, "y": 27, "energy": 157.43, "tag": [0.8772, 0.4571, 0.2269]}, {"id": "6102ef", "x": 17, "y": 17, "energy": 61.7869, "tag": [0.6649, 0.1897, 0.1228]}, {"id": "a0a1de", "x": 14, "y": 17, "energy": 147.1249, "tag": [0.1808, 0.4032, 0.2656]}, {"id": "e9cca1", "x": 11, "y": 19, "energy": 164.2697, "tag": [0.7757, 0.1365, 0.6512]}, {"id": "23ba8e", "x": 18, "y": 11, "energy": 167.4927, "tag": [0.3035, 0.4391, 0.2888]}, {"id": "09f681", "x": 23, "y": 20, "energy": -7.142, "tag": [0.1913, 0.0438, 0.4667]}, {"id": "69988f", "x": 20, "y": 32, "energy": 142.7728, "tag": [0.0473, 0.6064, 0.8733]}, {"id": "6e4b16", "x": 32, "y": 18, "energy": 116.8743, "tag": [0.893, 0.6023, 0.5613]}, {"id": "d6f861", "x": 29, "y": 21, "energy": 90.1305, "tag": [0.8627, 0.7623, 0.2872]}, {"id": "a4daa9", "x": 0, "y": 37, "energy": 90.1235, "tag": [0.5744, 0.5375, 0.8448]}, {"id": "8a6b11", "x": 3, "y": 7, "energy": 108.3388, "tag": [0.7885, 0.2206, 0.7121]}, {"id": "55f107", "x": 24, "y": 27, "energy": 95.436, "tag": [0.8056, 0.0, 0.4952]}, {"id": "0dc7a2", "x": 23, "y": 28, "energy": 98.177, "tag": [0.789, 0.059, 0.5062]}, {"id": "1a8524", "x": 7, "y": 29, "energy": 105.0848, "tag": [0.0997, 0.4136, 0.2875]}, {"id": "399919", "x": 2, "y": 28, "energy": 73.7421, "tag": [0.1567, 0.3803, 0.3422]}, {"id": "ef4e9c", "x": 28, "y": 34, "energy": 105.4353, "tag": [0.5669, 0.7975, 0.583]}, {"id": "183077", "x": 31, "y": 5, "energy": 73.2686, "tag": [0.9283, 0.831, 0.0828]}, {"id": "1588d1", "x": 37, "y": 4, "energy": 73.9402, "tag": [0.6672, 0.7029, 0.4296]}, {"id": "cb1a96", "x": 21, "y": 11, "energy": 120.4635, "tag": [0.7869, 0.3903, 0.0]}, {"id": "19e198", "x": 26, "y": 18, "energy": 110.3701, "tag": [0.9854, 0.6407, 0.5241]}, {"id": "bbbd21", "x": 12, "y": 16, "energy": 85.7476, "tag": [0.6461, 0.3945, 0.9002]}, {"id": "a5f0db", "x": 23, "y": 39, "energy": 22.9724, "tag": [0.488, 0.5969, 0.4177]}, {"id": "2e5a54", "x": 12, "y": 1, "energy": 1.3177, "tag": [0.0739, 0.2895, 0.497]}, {"id": "1a744e", "x": 0, "y": 16, "energy": 1330.5561, "tag": [0.7753, 0.843, 1.0]}, {"id": "1be8a9", "x": 19, "y": 28, "energy": 103.9576, "tag": [0.6409, 0.7215, 0.9857]}, {"id": "c169f4", "x": 18, "y": 19, "energy": 161.1365, "tag": [0.3169, 0.1464, 0.6385]}, {"id": "531258", "x": 5, "y": 30, "energy": 51.6436, "tag": [0.8058, 0.7962, 0.2715]}, {"id": "d31d93", "x": 6, "y": 30, "energy": 67.2627, "tag": [0.9411, 0.8537, 0.2351]}, {"id": "e04080", "x": 32, "y": 36, "energy": 143.8907, "tag": [0.6326, 0.8535, 0.5285]}, {"id": "d26351", "x": 9, "y": 30, "energy": 310.0858, "tag": [0.3529, 0.669, 0.9036]}, {"id": "813773", "x": 39, "y": 33, "energy": 49.7479, "tag": [0.8679, 0.8403, 0.8713]}, {"id": "25ceb1", "x": 27, "y": 12, "energy": 72.3817, "tag": [0.6495, 0.0967, 0.1281]}, {"id": "686c10", "x": 37, "y": 7, "energy": 65.6923, "tag": [0.4513, 0.664, 0.0349]}, {"id": "c7955f", "x": 26, "y": 31, "energy": 56.486, "tag": [0.583, 0.7486, 0.3133]}, {"id": "81dbb0", "x": 35, "y": 32, "energy": -21.8361, "tag": [0.6093, 0.774, 0.2314]}, {"id": "989a74", "x": 3, "y": 6, "energy": 136.7887, "tag": [0.5377, 0.4776, 0.5824]}, {"id": "7318d5", "x": 12, "y": 28, "energy": 170.6867, "tag": [0.7298, 0.4845, 0.538]}, {"id": "ee3973", "x": 23, "y": 10, "energy": 155.7422, "tag": [0.7174, 0.2687, 0.5582]}, {"id": "7438dd", "x": 27, "y": 19, "energy": 67.746, "tag": [0.7656, 0.2613, 0.5245]}, {"id": "536229", "x": 12, "y": 6, "energy": 90.9443, "tag": [0.4413, 0.6561, 0.13]}, {"id": "2cdacf", "x": 26, "y": 32, "energy": 98.8707, "tag": [0.1569, 0.5241, 0.7731]}, {"id": "9cdec3", "x": 11, "y": 22, "energy": -6.6052, "tag": [0.9151, 0.6426, 0.5038]}, {"id": "ad158f", "x": 26, "y": 18, "energy": 143.4839, "tag": [0.882, 0.6874, 0.4209]}, {"id": "951cb1", "x": 22, "y": 11, "energy": 77.7915, "tag": [0.7297, 0.6437, 0.7553]}, {"id": "9f6eef", "x": 30, "y": 35, "energy": 33.3107, "tag": [0.27, 0.0758, 0.4405]}, {"id": "391135", "x": 33, "y": 19, "energy": 86.6365, "tag": [0.9345, 0.5275, 0.5232]}, {"id": "197ddc", "x": 36, "y": 19, "energy": 76.553, "tag": [0.9044, 0.5093, 0.6073]}, {"id": "2c706d", "x": 27, "y": 5, "energy": 110.4037, "tag": [0.6123, 0.7581, 0.9133]}, {"id": "5b7975", "x": 0, "y": 3, "energy": 104.3883, "tag": [0.6668, 0.2046, 1.0]}, {"id": "39e01a", "x": 22, "y": 13, "energy": 76.8306, "tag": [0.2513, 0.8247, 0.2525]}, {"id": "8e5f0b", "x": 27, "y": 13, "energy": 122.7803, "tag": [0.1985, 0.4281, 0.2217]}, {"id": "4560c2", "x": 34, "y": 29, "energy": 47.0295, "tag": [0.6865, 0.332, 0.4318]}, {"id": "56153e", "x": 27, "y": 33, "energy": 105.5779, "tag": [0.6312, 0.365, 0.2815]}, {"id": "e555e3", "x": 21, "y": 15, "energy": 94.6852, "tag": [0.6901, 0.8114, 0.748]}, {"id": "98db8d", "x": 10, "y": 5, "energy": 176.0936, "tag": [0.2483, 0.2454, 0.861]}, {"id": "c0c32a", "x": 28, "y": 38, "energy": 101.5812, "tag": [0.9785, 0.9271, 0.088]}, {"id": "5a0826", "x": 32, "y": 38, "energy": 75.2174, "tag": [0.8488, 0.8841, 0.1613]}, {"id": "560281", "x": 21, "y": 13, "energy": 114.4305, "tag": [0.6235, 0.3289, 0.1007]}, {"id": "7fe137", "x": 12, "y": 9, "energy": 128.0516, "tag": [0.6353, 0.3438, 0.1332]}, {"id": "e7cabe", "x": 0, "y": 36, "energy": 20.6871, "tag": [0.9535, 0.8771, 0.9321]}, {"id": "1a0ef4", "x": 6, "y": 11, "energy": 101.0176, "tag": [0.1662, 0.0179, 0.4991]}, {"id": "a2c1a8", "x": 25, "y": 10, "energy": 125.5398, "tag": [0.6914, 0.0765, 0.211]}, {"id": "032f52", "x": 15, "y": 14, "energy": 101.0712, "tag": [0.13, 0.7573, 0.5366]}, {"id": "992958", "x": 21, "y": 22, "energy": 103.5621, "tag": [0.2654, 0.2179, 0.591]}, {"id": "2b7197", "x": 19, "y": 20, "energy": 93.6679, "tag": [0.2522, 0.0891, 0.6792]}, {"id": "be6a4e", "x": 32, "y": 27, "energy": 74.6403, "tag": [0.2982, 0.5615, 0.8171]}, {"id": "c0b256", "x": 27, "y": 37, "energy": 133.8228, "tag": [0.6182, 0.8151, 0.6555]}, {"id": "afd6c5", "x": 21, "y": 5, "energy": 240.2746, "tag": [0.0768, 0.7542, 0.5006]}, {"id": "189be5", "x": 32, "y": 30, "energy": 43.31, "tag": [0.6556, 0.9558, 0.9155]}, {"id": "590eed", "x": 24, "y": 38, "energy": 29.9255, "tag": [0.0, 0.6907, 0.8588]}, {"id": "d63007", "x": 26, "y": 18, "energy": 123.9586, "tag": [0.9091, 0.6546, 0.581]}, {"id": "b2595b", "x": 32, "y": 17, "energy": 429.9013, "tag": [0.8945, 0.8842, 0.3238]}, {"id": "129707", "x": 15, "y": 18, "energy": 22.5603, "tag": [1.0, 0.1195, 0.9394]}, {"id": "cce663", "x": 34, "y": 32, "energy": 147.9342, "tag": [1.0, 0.152, 0.9532]}, {"id": "b264c9", "x": 27, "y": 35, "energy": 128.8366, "tag": [0.6389, 0.2187, 0.4194]}, {"id": "91e586", "x": 1, "y": 25, "energy": 712.8734, "tag": [0.8091, 0.2957, 0.4001]}, {"id": "019e53", "x": 22, "y": 37, "energy": 409.0093, "tag": [0.5666, 0.2552, 1.0]}, {"id": "92402a", "x": 9, "y": 2, "energy": 146.8647, "tag": [0.0543, 0.8057, 0.5311]}, {"id": "3be0f4", "x": 8, "y": 2, "energy": -5.6991, "tag": [0.1747, 0.921, 0.6352]}, {"id": "e9e49f", "x": 35, "y": 36, "energy": 84.1945, "tag": [0.7357, 0.4334, 0.6554]}, {"id": "5dcd26", "x": 29, "y": 36, "energy": 45.0982, "tag": [0.5909, 0.7575, 0.5388]}, {"id": "4de9e6", "x": 27, "y": 4, "energy": 153.2696, "tag": [0.4381, 0.3347, 0.6336]}, {"id": "3e9959", "x": 31, "y": 11, "energy": 45.5223, "tag": [0.245, 0.377, 0.1859]}, {"id": "18b5a5", "x": 13, "y": 15, "energy": 113.8527, "tag": [0.8632, 0.4819, 0.2693]}, {"id": "154ca1", "x": 15, "y": 15, "energy": 214.0908, "tag": [0.8713, 0.473, 0.3277]}, {"id": "12146f", "x": 14, "y": 16, "energy": 150.7705, "tag": [0.0891, 0.4185, 0.1884]}, {"id": "b52cea", "x": 28, "y": 36, "energy": 172.5092, "tag": [0.1829, 0.1256, 0.508]}, {"id": "8feb0f", "x": 33, "y": 20, "energy": 107.9159, "tag": [0.8947, 0.5294, 0.5462]}, {"id": "029667", "x": 11, "y": 39, "energy": 14.661, "tag": [0.601, 0.0707, 0.2231]}, {"id": "85fbfe", "x": 34, "y": 30, "energy": 62.7861, "tag": [0.5153, 0.5443, 0.5599]}, {"id": "a6da48", "x": 36, "y": 19, "energy": 67.9961, "tag": [0.8318, 0.5188, 0.6083]}, {"id": "1e2352", "x": 15, "y": 2, "energy": 5.7073, "tag": [0.0, 0.332, 0.5519]}, {"id": "d222fc", "x": 4, "y": 10, "energy": 196.7627, "tag": [0.2593, 0.5929, 0.2185]}, {"id": "37b1ab", "x": 0, "y": 20, "energy": 958.8918, "tag": [0.7712, 0.8288, 0.0]}, {"id": "2a0d7e", "x": 20, "y": 27, "energy": 162.7985, "tag": [0.6578, 0.7159, 0.9995]}, {"id": "c61e72", "x": 25, "y": 13, "energy": 265.166, "tag": [0.5447, 0.6818, 0.645]}, {"id": "407a83", "x": 2, "y": 24, "energy": 155.6841, "tag": [0.7475, 0.3272, 0.3908]}, {"id": "317cca", "x": 25, "y": 22, "energy": 416.7978, "tag": [0.1138, 0.4941, 0.9148]}, {"id": "5c93b8", "x": 18, "y": 4, "energy": 436.3789, "tag": [0.1719, 0.0789, 0.5848]}, {"id": "8e94af", "x": 24, "y": 20, "energy": 214.0665, "tag": [0.038, 0.5227, 0.8509]}, {"id": "3adaec", "x": 22, "y": 11, "energy": 152.1852, "tag": [0.3587, 0.9427, 0.5728]}, {"id": "94dec9", "x": 20, "y": 14, "energy": 27.1928, "tag": [0.695, 0.8345, 0.7699]}, {"id": "098001", "x": 14, "y": 18, "energy": 78.0047, "tag": [0.2475, 0.3901, 0.178]}, {"id": "3c26c3", "x": 20, "y": 32, "energy": 4.4247, "tag": [0.0, 0.5835, 0.8864]}, {"id": "8fa89f", "x": 22, "y": 15, "energy": 24.5961, "tag": [0.7638, 0.753, 0.7625]}, {"id": "c56dcf", "x": 31, "y": 34, "energy": 95.0386, "tag": [0.6026, 0.4029, 0.1136]}, {"id": "e25d50", "x": 21, "y": 4, "energy": 203.9348, "tag": [0.0138, 0.8085, 0.4503]}], "resource_grid": {"33,39": 50.0, "28,13": 50.0, "11,14": 50.0, "4,3": 50.0, "10,14": 50.0, "33,8": 10.0, "4,17": 50.0, "17,31": 50.0, "10,8": 50.0, "18,6": 50.0, "35,23": 50.0, "10,24": 50.0, "2,6": 50.0, "39,28": 50.0, "30,17": 50.0, "31,11": 10.0, "23,20": 50.0, "22,31": 50.0, "10,15": 50.0, "25,32": 50.0, "1,30": 50.0, "7,39": 50.0, "15,1": 50.0, "23,9": 10.0, "38,26": 50.0, "6,0": 50.0, "22,14": 50.0, "22,6": 50.0, "12,6": 50.0, "32,32": 50.0, "11,4": 50.0, "39,3": 50.0, "23,39": 50.0, "1,31": 50.0, "17,35": 50.0, "30,9": 50.0, "25,28": 50.0, "30,14": 50.0, "34,20": 50.0, "39,31": 50.0, "14,5": 50.0, "5,21": 50.0, "5,29": 50.0, "21,39": 10.0, "27,32": 50.0, "29,37": 50.0, "38,27": 10.0, "14,20": 50.0, "2,36": 50.0, "20,26": 50.0, "22,23": 50.0, "14,3": 50.0, "5,23": 50.0, "28,1": 50.0, "31,20": 50.0, "31,33": 50.0, "29,6": 10.0, "31,32": 50.0, "36,7": 10.0, "37,32": 50.0, "1,29": 50.0, "7,2": 50.0, "24,2": 50.0, "30,15": 50.0, "2,30": 50.0, "1,35": 50.0, "15,38": 50.0, "23,8": 50.0, "18,0": 10.0, "17,15": 50.0, "7,23": 50.0, "28,16": 50.0, "18,35": 10.0, "37,6": 50.0, "8,18": 50.0, "19,35": 10.0, "32,13": 50.0, "4,2": 50.0, "36,13": 50.0, "5,2": 50.0, "15,12": 50.0, "36,22": 50.0, "4,34": 50.0, "26,28": 50.0, "26,1": 50.0, "39,20": 50.0, "25,8": 50.0, "30,30": 50.0, "2,33": 50.0, "11,24": 50.0, "31,22": 50.0, "6,28": 50.0, "16,19": 50.0, "1,22": 50.0, "12,2": 50.0, "34,5": 50.0, "3,29": 50.0, "2,11": 50.0, "17,2": 50.0, "9,26": 50.0, "6,36": 50.0, "19,36": 50.0, "4,1": 50.0, "0,5": 50.0, "16,16": 50.0, "37,15": 50.0, "28,22": 50.0, "11,5": 50.0, "38,23": 10.0, "6,17": 50.0, "37,18": 50.0, "31,25": 50.0, "19,24": 50.0, "12,4": 50.0, "20,19": 50.0, "8,38": 50.0, "29,22": 50.0, "35,19": 50.0, "8,27": 10.0, "16,29": 50.0, "37,25": 50.0, "3,5": 50.0, "2,15": 50.0, "8,16": 50.0, "13,14": 50.0, "20,16": 10.0, "32,25": 50.0, "25,3": 10.0, "32,11": 50.0, "36,11": 50.0, "37,9": 50.0, "9,37": 50.0, "6,21": 50.0, "18,39": 10.0, "9,18": 50.0, "18,30": 50.0, "34,8": 50.0, "25,38": 50.0, "19,31": 50.0, "23,37": 10.0, "0,31": 50.0, "3,34": 50.0, "31,31": 50.0, "12,0": 50.0, "36,18": 50.0, "38,34": 50.0, "31,38": 10.0, "37,39": 50.0, "36,16": 50.0, "39,17": 10.0, "30,8": 50.0, "0,23": 10.0, "33,33": 50.0, "38,28": 50.0, "9,22": 50.0, "39,37": 50.0, "11,39": 10.0, "2,19": 50.0, "8,2": 50.0, "24,1": 50.0, "13,24": 50.0, "13,23": 50.0, "12,24": 50.0, "8,25": 50.0, "34,12": 50.0, "27,8": 50.0, "6,14": 50.0, "14,29": 50.0, "23,36": 50.0, "34,17": 10.0, "38,17": 50.0, "38,33": 50.0, "15,17": 50.0, "29,30": 50.0, "37,38": 50.0, "7,33": 10.0, "26,39": 50.0, "8,31": 50.0, "31,10": 50.0, "37,31": 50.0, "5,16": 50.0, "24,34": 50.0, "26,8": 50.0, "0,27": 50.0, "26,20": 50.0, "33,36": 50.0, "24,29": 50.0, "19,26": 50.0, "14,33": 50.0, "4,30": 50.0, "16,17": 50.0, "5,38": 50.0, "35,17": 50.0, "0,15": 50.0, "24,31": 50.0, "26,13": 50.0, "25,0": 50.0, "35,4": 50.0, "22,15": 10.0, "33,23": 50.0, "22,19": 50.0, "1,2": 50.0, "32,39": 10.0, "5,8": 10.0, "15,21": 50.0, "7,15": 50.0, "7,35": 50.0, "1,20": 50.0, "10,37": 50.0, "20,30": 10.0, "8,22": 50.0, "11,38": 50.0, "14,35": 50.0, "11,29": 50.0, "20,9": 50.0, "28,32": 50.0, "2,29": 50.0, "13,26": 50.0, "39,30": 50.0, "18,16": 50.0, "11,26": 50.0, "32,5": 50.0, "21,10": 50.0, "36,32": 50.0, "7,14": 50.0, "30,20": 150.0, "21,18": 50.0, "5,35": 50.0, "21,16": 50.0, "19,17": 50.0, "2,35": 50.0, "9,31": 50.0, "21,25": 10.0, "8,20": 50.0, "4,26": 50.0, "35,15": 10.0, "1,27": 50.0, "22,24": 50.0, "3,35": 50.0, "0,26": 50.0, "13,25": 50.0, "10,13": 50.0, "13,13": 50.0, "20,38": 50.0, "15,24": 50.0, "21,22": 50.0, "27,12": 50.0, "22,4": 10.0, "8,23": 50.0, "2,39": 50.0, "5,10": 50.0, "29,20": 50.0, "17,6": 10.0, "29,0": 50.0, "3,26": 10.0, "20,6": 50.0, "21,34": 50.0, "22,3": 50.0, "4,16": 10.0, "24,33": 10.0, "16,3": 50.0, "8,34": 50.0, "33,22": 50.0, "23,14": 10.0, "6,26": 50.0, "23,38": 50.0, "19,25": 50.0, "39,0": 50.0, "28,7": 10.0, "13,0": 50.0, "9,6": 50.0, "9,9": 50.0, "12,20": 50.0, "20,37": 50.0, "28,25": 10.0, "0,2": 50.0, "34,28": 50.0, "16,9": 50.0, "38,25": 50.0, "35,8": 50.0, "28,8": 50.0, "11,15": 50.0, "13,31": 50.0, "37,7": 10.0, "36,5": 50.0, "22,5": 50.0, "8,5": 50.0, "13,36": 50.0, "32,37": 50.0, "30,23": 50.0, "14,37": 50.0, "32,27": 50.0, "10,11": 50.0, "39,25": 10.0, "26,33": 50.0, "6,25": 50.0, "2,5": 10.0, "9,11": 50.0, "0,24": 50.0, "23,34": 50.0, "26,36": 50.0, "26,19": 50.0, "31,9": 50.0, "32,22": 50.0, "30,33": 10.0, "7,24": 50.0, "19,18": 50.0, "28,24": 50.0, "29,12": 50.0, "31,16": 50.0, "23,31": 50.0, "22,18": 50.0, "8,11": 50.0, "31,12": 50.0, "33,34": 50.0, "7,21": 50.0, "22,13": 50.0, "35,1": 50.0, "14,30": 50.0, "21,17": 50.0, "3,22": 50.0, "39,34": 50.0, "37,37": 50.0, "25,30": 50.0, "29,26": 50.0, "33,12": 50.0, "19,6": 50.0, "13,5": 50.0, "34,14": 50.0, "11,16": 50.0, "21,14": 50.0, "10,26": 50.0, "36,30": 50.0, "20,39": 10.0, "38,10": 50.0, "1,21": 50.0, "28,14": 10.0, "1,23": 50.0, "4,4": 50.0, "10,1": 50.0, "7,4": 50.0, "8,15": 50.0, "39,12": 50.0, "13,33": 50.0, "3,11": 50.0, "7,16": 50.0, "3,14": 50.0, "17,38": 50.0, "36,9": 50.0, "26,10": 50.0, "14,23": 50.0, "21,6": 50.0, "38,35": 50.0, "9,38": 50.0, "4,5": 50.0, "4,20": 50.0, "36,29": 50.0, "14,12": 50.0, "32,28": 50.0, "8,14": 50.0, "6,10": 50.0, "29,32": 50.0, "15,8": 50.0, "26,14": 50.0, "13,35": 50.0, "13,10": 50.0, "19,12": 50.0, "17,33": 50.0, "28,5": 50.0, "31,39": 50.0, "11,3": 50.0, "18,22": 50.0, "24,32": 50.0, "35,21": 50.0, "2,17": 50.0, "3,36": 50.0, "38,36": 50.0, "11,12": 50.0, "35,34": 50.0, "7,32": 10.0, "18,14": 50.0, "8,19": 50.0, "36,14": 50.0, "20,5": 10.0, "23,16": 50.0, "24,15": 50.0, "31,19": 10.0, "3,1": 10.0, "24,28": 50.0, "35,13": 50.0, "11,13": 50.0, "28,6": 50.0, "4,33": 50.0, "18,12": 50.0, "10,0": 50.0, "1,28": 50.0, "5,15": 50.0, "15,16": 50.0, "39,23": 50.0, "6,19": 50.0, "15,32": 10.0, "23,33": 50.0, "39,22": 50.0, "6,9": 50.0, "32,26": 50.0, "14,38": 50.0, "8,8": 50.0, "8,1": 50.0, "9,10": 50.0, "29,24": 50.0, "28,30": 50.0, "15,0": 10.0, "16,5": 10.0, "22,34": 10.0, "36,37": 50.0, "27,29": 50.0, "1,18": 50.0, "3,4": 50.0, "31,23": 50.0, "30,16": 50.0, "29,5": 50.0, "32,6": 50.0, "35,22": 50.0, "37,22": 50.0, "16,8": 50.0, "10,22": 50.0, "7,5": 50.0, "1,0": 50.0, "3,0": 50.0, "7,0": 50.0, "10,10": 50.0, "35,6": 50.0, "34,21": 50.0, "38,19": 50.0, "14,13": 50.0, "18,25": 50.0, "18,8": 50.0, "19,10": 50.0, "10,32": 50.0, "16,6": 10.0, "15,34": 50.0, "35,12": 50.0, "8,13": 50.0, "5,37": 50.0, "4,12": 50.0, "14,21": 50.0, "7,18": 50.0, "33,2": 50.0, "35,18": 50.0, "10,2": 50.0, "23,4": 50.0, "18,20": 50.0, "4,36": 50.0, "38,14": 50.0, "9,25": 50.0, "9,24": 50.0, "16,15": 50.0, "19,19": 50.0, "36,34": 50.0, "34,24": 50.0, "9,17": 50.0, "21,36": 50.0, "14,25": 50.0, "13,22": 50.0, "24,6": 10.0, "1,13": 50.0, "3,32": 50.0, "36,15": 50.0, "38,39": 10.0, "30,11": 50.0, "8,17": 50.0, "5,14": 50.0, "2,20": 50.0, "18,26": 50.0, "19,9": 50.0, "18,31": 50.0, "34,1": 50.0, "2,23": 50.0, "4,11": 50.0, "23,17": 50.0, "21,31": 10.0, "21,20": 10.0, "18,23": 50.0, "5,33": 50.0, "29,2": 50.0, "7,36": 50.0, "37,21": 50.0, "12,26": 50.0, "9,29": 50.0, "4,22": 50.0, "20,35": 10.0, "10,4": 50.0, "36,36": 50.0, "14,15": 50.0, "35,2": 50.0, "26,15": 50.0, "10,25": 50.0, "23,18": 50.0, "19,32": 50.0, "5,26": 50.0, "27,25": 50.0, "0,14": 50.0, "33,9": 50.0, "22,12": 50.0, "33,13": 50.0, "9,23": 50.0, "24,18": 50.0, "15,29": 50.0, "6,6": 50.0, "25,35": 50.0, "31,15": 50.0, "16,20": 50.0, "21,3": 50.0, "39,9": 10.0, "8,32": 50.0, "9,15": 50.0, "26,2": 10.0, "22,32": 50.0, "20,29": 50.0, "38,37": 50.0, "35,32": 50.0, "8,10": 50.0, "26,21": 50.0, "30,38": 10.0, "5,20": 50.0, "14,28": 50.0, "20,10": 10.0, "37,28": 50.0, "6,34": 50.0, "16,18": 50.0, "19,2": 50.0, "16,4": 50.0, "8,29": 50.0, "32,15": 50.0, "16,23": 50.0, "19,1": 50.0, "3,30": 50.0, "28,18": 50.0, "13,32": 10.0, "11,22": 50.0, "0,28": 50.0, "4,35": 50.0, "24,36": 10.0, "35,31": 50.0, "28,2": 50.0, "25,31": 50.0, "21,26": 50.0, "17,37": 10.0, "8,4": 10.0, "16,30": 50.0, "26,12": 50.0, "18,38": 50.0, "36,39": 50.0, "11,35": 50.0, "10,38": 10.0, "31,28": 50.0, "2,0": 50.0, "36,1": 50.0, "19,0": 10.0, "15,33": 50.0, "13,17": 50.0, "34,2": 50.0, "11,34": 50.0, "5,22": 10.0, "20,4": 50.0, "20,33": 50.0, "21,29": 50.0, "12,10": 50.0, "15,22": 50.0, "16,24": 50.0, "29,17": 50.0, "27,0": 10.0, "26,24": 50.0, "19,33": 50.0, "13,20": 50.0, "39,1": 50.0, "6,20": 50.0, "4,32": 50.0, "17,8": 50.0, "35,14": 50.0, "31,14": 50.0, "15,4": 50.0, "20,1": 50.0, "32,16": 50.0, "11,1": 50.0, "25,17": 10.0, "5,18": 10.0, "16,33": 10.0, "30,29": 10.0, "22,28": 10.0, "39,36": 10.0, "33,37": 50.0, "34,13": 50.0, "25,37": 10.0, "10,12": 50.0, "25,4": 50.0, "15,26": 50.0, "15,25": 50.0, "17,13": 50.0, "36,21": 50.0, "26,3": 50.0, "30,25": 50.0, "25,14": 50.0, "9,27": 50.0, "1,8": 50.0, "28,12": 50.0, "28,11": 50.0, "30,4": 50.0, "15,5": 50.0, "0,19": 50.0, "2,22": 50.0, "39,6": 50.0, "30,24": 50.0, "24,25": 50.0, "8,21": 50.0, "1,26": 50.0, "12,34": 50.0, "31,0": 50.0, "10,6": 50.0, "17,32": 50.0, "19,38": 50.0, "9,5": 10.0, "15,20": 10.0, "28,21": 50.0, "35,33": 50.0, "3,12": 50.0, "33,24": 50.0, "8,24": 50.0, "28,0": 50.0, "19,37": 50.0, "14,19": 50.0, "28,28": 50.0, "33,15": 10.0, "39,11": 50.0, "2,25": 50.0, "33,1": 50.0, "21,24": 50.0, "16,34": 50.0, "0,32": 50.0, "30,12": 10.0, "32,34": 50.0, "4,29": 50.0, "38,32": 50.0, "0,22": 50.0, "25,27": 10.0, "5,0": 50.0, "8,33": 50.0, "39,29": 50.0, "34,33": 50.0, "13,38": 10.0, "37,5": 50.0, "38,22": 50.0, "7,20": 50.0, "14,6": 50.0, "30,22": 50.0, "3,16": 50.0, "3,33": 50.0, "16,36": 50.0, "8,9": 50.0, "28,39": 50.0, "38,5": 50.0, "34,6": 50.0, "33,21": 50.0, "30,19": 50.0, "9,34": 50.0, "37,1": 50.0, "1,9": 50.0, "17,29": 50.0, "11,23": 50.0, "35,38": 50.0, "22,1": 50.0, "7,22": 50.0, "19,11": 50.0, "8,3": 50.0, "31,13": 50.0, "33,35": 50.0, "20,15": 50.0, "18,21": 10.0, "20,11": 50.0, "37,24": 50.0, "6,3": 50.0, "7,27": 10.0, "18,9": 50.0, "20,18": 10.0, "6,24": 50.0, "30,2": 50.0, "37,36": 50.0, "20,23": 50.0, "34,31": 10.0, "5,34": 50.0, "39,8": 50.0, "38,30": 50.0, "26,9": 50.0, "36,28": 50.0, "33,5": 50.0, "19,20": 50.0, "18,29": 50.0, "34,22": 50.0, "30,36": 10.0, "3,19": 50.0, "21,9": 50.0, "16,0": 50.0, "32,29": 50.0, "27,27": 50.0, "39,7": 50.0, "26,37": 50.0, "36,6": 50.0, "30,31": 50.0, "39,27": 10.0, "14,7": 50.0, "33,4": 50.0, "22,36": 50.0, "7,6": 50.0, "17,16": 50.0, "26,27": 50.0, "21,21": 50.0, "37,10": 50.0, "22,38": 50.0}}