{"current_population": 256, "average_age": 105.1758, "peak_population": 256, "oldest_elder": 110, "total_biomass": 35296.2169, "average_energy": 137.8758, "max_generation": 3, "avg_generation": 0.7969, "total_inventions": 8842, "global_patents": 25, "world_time_step": 110, "season_timer": 45, "active_bonds": 916, "gene_pool_size": 40, "system_entropy": 1.0622, "scarcity_factor": 0.8958, "explorer_val": 163, "structures_count": 405, "networks_count": 29, "kuramoto_r": 0.3801, "population_phi": 1.0462, "consciousness_count": 71, "strange_loop_count": 200, "oracle_r2": 1.0, "sim_awareness": 0.4, "gol_writes": 245, "nesting_depth": 3, "hive_phi": 606.2658, "omega_achieved": 0, "tradition_persist": 0, "cultural_ratchet": 1, "protocol_align": 0.6678, "symbol_r2": 0.0115, "planetary_cov": 0.2525, "struct_energy": 0.2305, "type_ii_status": false, "cultural_drift": 0.1618, "weather_amp": 0.9237, "adaptive_rate": 1.0, "niche_mods": 727, "neural_bridges": 1706, "mean_meta_lr": 0.0054, "shared_concepts": 2, "dist_memory": 861, "consensus_count": 2, "gradient_norm": 1.0, "battery_store": 10069.3656, "cultural_speciation": 8, "kuramoto_var": 1.8428, "concept_diverg": 0.4809, "redundancy": 6.0273, "fault_toler": 1543, "cognitive_load": 99.0, "surplus_val": 256.0, "loop_multipl": 33.3008, "aesthetic_vol": 11979, "social_reach": 7.2188, "pheno_plastic": 1.0, "experiment_c": 26925, "state_explored": 1603, "oracle_loss": 15.348, "shared_proto": 0.502, "mutate_lines": 27, "innovation_r": 80.3818, "viral_fit": 0.6616, "mean_confid": 0.4578, "meme_divers": 132, "trade_volume": 16411, "punish_count": 13616, "mating_succ": 27, "average_iq": 85.0843, "spatial_spar": 0.4487, "homeo_error": 81.607, "bridge_dens": 6.6641, "substrate_ind": 0.0361, "mean_phase": 7.7979, "metabolic_eff": 1.6043, "connect_index": 4.5347, "max_recursion": 3, "backprop_dp": 12, "physics_score": 1.0, "avg_self_acc": 0.7101, "oracle_nodes": 21, "proto_converg": 0.6678, "symbol_ground": 0.0115, "signal_silhouette": 0.0685}